Signature,CreatorWallet,LaunchTimestamp,InitialLiquidity,Buyers10s,Buyers30s,Buyers5m,MaxPriceAchievedPct,TimeAtMaxPriceSec,TradeResult,Profit_SOL,RunningTotal_SOL
5sGDqcDdNgHF5HYp7ZBJpHQayceSQGXKb2zuoeVcUpCwwxZiGNGTG23d84UzyuV2mE9HAwE2dQXLoctXHfW4ocKE,[object Object],2025-05-21T12:28:52.000Z,80,6,24,95,445,10,Partial Exit (Win),0.05,0.05
3JEhKTbZsKxa6o8DBxxcnCtBEQfgagndsTUGe6YRViYJw7YDb6qLeUFjQhBbSd5q8WodSbVriwZwnYhvHXoxfg57,[object Object],2025-05-21T12:28:52.000Z,61,8,11,95,496,203,Moonshot (Win),0.2,0.25
3RfPQ16A8ciq1dFLBFsQzkabx6jpChwMHEjuNKZSU7yvQu7SqQGeryDdRBGfytesCUn3WpdD8w5Ah4pfvbFm9ZyV,[object Object],2025-05-21T12:28:52.000Z,19,7,21,91,251,211,Moonshot (Win),0.2,0.45
49ZBfiQiwW4KPcxeUVfh8QBN5ZC8LHKjJqjVrcvQfiS68dJe41E9QadZsu4BDY8DXvhbjZfbtnZbwdBLNs8oXrn8,[object Object],2025-05-21T12:28:52.000Z,87,4,18,11,250,15,Skipped,0,0.45
5QoyuTUYbv5ucxDDrYK8Uw9ZQtX9SNX3QteNFEShyo9eKNouEgzUYYsdN2n8wQGskWFTRHPkMHmB7fNLJonR6SU6,[object Object],2025-05-21T12:28:52.000Z,6,3,24,19,308,137,Skipped,0,0.45
2TxZpAyADVwWrwfgn6xAQAznFxcqwcL4x3pcvrQE4TMf3p1GNTNUyLhe2iHTMiRMwjCu3FZS7PKov7E94NWmuwRy,[object Object],2025-05-21T12:28:52.000Z,21,4,2,94,240,140,Skipped,0,0.45
WdTfc8gYraZMgYouUkhmiMaSZA2MvnSTZCgcAE9sEHPseJsfVSvpHnGr1USRvW8H4fHX877GP9acZQfatDK6KkT,[object Object],2025-05-21T12:28:52.000Z,44,4,21,37,210,109,Skipped,0,0.45
5bNEJTtT3J8U9mZzgo5fhskmp7R7ewgg9iMgocuHvftPJ1L9mTLG8BfHkANz8kdWi5UEfFH5JXjvNDhjcartzh5F,[object Object],2025-05-21T12:28:52.000Z,27,9,28,86,481,166,Moonshot (Win),0.2,0.65
3zb8BMvchoNh3EaBjboBPfzVi3YK5p7W58duKjxU17vAvUkVSKM3L5SPM5qiuphK3jrGj8Wfca7RP6Pksz6p3RY6,[object Object],2025-05-21T12:28:52.000Z,16,3,16,28,158,233,Skipped,0,0.65
9PLZsVJFMuDwAyiVBSow7zyvTfEx4sKvFjPumQFed46uqnMS3fHz8pYz9ZA4WWX8hSffGJnBx5zzM4u3Sg4QwP8,[object Object],2025-05-21T12:28:52.000Z,44,2,28,68,178,56,Skipped,0,0.65
XBNrF4iGUCi17sNCbzHScNzM77MqKhMFnRprypTJq6dxB6h3QD4QC7c5f3wUkxMiKnXxMMsgiawc375Fqhb8L1i,[object Object],2025-05-21T12:28:52.000Z,55,7,25,96,267,70,Moonshot (Win),0.2,0.8500000000000001
4AKyGeyTHLMNcppBKGEvjwghfEsKgvJs29Kc5CD6Cj3nUnEKnKp3bWARcyqHom5PVkoZCPqRvPeDEEi9GgyT4usE,[object Object],2025-05-21T12:28:52.000Z,85,1,21,73,306,175,Skipped,0,0.8500000000000001
3p4SnykWUzLacQ76EQ2RJAQXJ9BeWptCQM66C9JgWc2LUwRx8wwARJDpoURMoaw8hC7hHJMaXu2Ls9GsHMLCGAkS,[object Object],2025-05-21T12:28:52.000Z,67,2,1,3,422,88,Skipped,0,0.8500000000000001
4pusLhGTqU49AH2j2y8nuCXxX8AkiZuYTPyN4JQ4n48hktVAEG7UTZAu4xY2D2Ng72JA8ZdJagQPWZQAJNG5wVQS,[object Object],2025-05-21T12:28:52.000Z,21,5,13,45,313,108,Moonshot (Win),0.2,1.05
3PAjSuQTDantgnvPTnForbofomV3zAwXqEpjZhwtZj89JJ8nam8sgxmSH3diS8jSDB5wUAh7Qpqpzf5MfG74AawC,[object Object],2025-05-21T12:28:52.000Z,92,9,20,35,322,242,Moonshot (Win),0.2,1.25
35y4kRusAoFieeDMQWkikkQujnXExusqGSXgbzKyMFjSdYgn8dWkxkJ1VnCxgQuKPMTbcZtpV75eoik7tHwEDRHP,[object Object],2025-05-21T12:28:52.000Z,21,7,25,0,380,145,Moonshot (Win),0.2,1.45
5S72eTpmkiRSs1PepFQApGjrX96zKBuoF8nbzzGHmkMtdaE1qpHf86NHfHyQUcjHMami8EuGhTxJiwn2SSnRPATM,[object Object],2025-05-21T12:28:52.000Z,96,9,27,18,257,25,Partial Exit (Win),0.05,1.5
2J9NrFSU32HZJbNhxv2o8tCrkbuoYoXUoaH6zhzR7eh8uMwPtGLHTcc1EYmJRgLYmXfuBiivfMmPp2vJQxPQPUwb,[object Object],2025-05-21T12:28:52.000Z,25,2,23,88,278,176,Skipped,0,1.5
4YzKcwrEgf8L9fRaqi2oqAw5RPcZPisEChBZVQVkgLCreKXYw88xtxTas8eUEWHHFbtX7YHiNEer2ihCEdyTgjbq,[object Object],2025-05-21T12:28:52.000Z,83,3,22,68,311,66,Skipped,0,1.5
4L4MWyf6f4XAAcwBsHBE5Z4PWntpddViHYeFAt1kJqSt4hkYjpME5BNgjn3jT1wcWDh8ZkpFD7TxgcTUmtRbN3tD,[object Object],2025-05-21T12:28:52.000Z,3,1,4,88,243,14,Skipped,0,1.5
HcyrnwdUo4QykQ199FWGMkb2fXhouKCLp3T44gCSKRoadUF3YAvTDL3Ccgpc11E7rRD8m5QyEeUAScUMZjUgCa2,[object Object],2025-05-21T12:28:52.000Z,13,2,13,54,8,163,Skipped,0,1.5
5zd6oZuaymNUs4Q3CZLMScVg51apYBKVdHZhuogYg21VtXHWxVsbcwJ87uokzdTUQt3nBo98iX6ZaAf5KsmuSPkF,[object Object],2025-05-21T12:28:52.000Z,20,6,21,19,286,176,Moonshot (Win),0.2,1.7
3zdEozX3qqyEBq7cN3HRypiNSrF7ZN9vWdogQBUd3HLE8jdm7hPrzLv5PdugECVMrTujk3SxCe6UVB9YCrtyc4EE,[object Object],2025-05-21T12:28:52.000Z,60,9,28,72,345,187,Moonshot (Win),0.2,1.9
53TNi4uuGjqGRCFDJrc58BDFe12ypAmDMdpkmRhfCU13Nh3kssK1rdeDq9VgQ6q2HAqrUE129Bv5u2q5V9d78N1Q,[object Object],2025-05-21T12:28:52.000Z,70,4,20,87,385,146,Skipped,0,1.9
4v4zMfjP4CmFkrLgSjCeRiagxjK8GiSJV6wroTexyNUW8RCj8ELdJoZUkCHcPQ94YE3YTtU8HoWtAgo91vCT6Kz8,[object Object],2025-05-21T12:28:52.000Z,66,8,22,20,269,13,Partial Exit (Win),0.05,1.95
VFNhez71LX1CrFZLs1YvxDLk2KEGg4xexREZMNd2Pqgh9YwNSjEZXH59WfA4gPyDe3kA7m5hSkeGqHdvXugPL12,[object Object],2025-05-21T12:28:52.000Z,7,0,19,8,277,299,Skipped,0,1.95
34DxAZTamVdxaaXDgWwxxe7R8ZHdQUYzwR7bTTDP154mcFh1ZCGeApJxZUHqJUN3oCM89hUCUN6C1sXzrQ3YUthg,[object Object],2025-05-21T12:28:52.000Z,9,3,24,27,407,105,Skipped,0,1.95
2XyE2ac47LqFEmPrabKxe9FBy44SGSwG2QQt47M9P22mF74cTX6tx1cRoBUGT9p74RzTppN9h5JjEYA9KETWajMU,[object Object],2025-05-21T12:28:52.000Z,61,3,23,61,293,65,Skipped,0,1.95
iVhZPX6F2mWoCo2pUe6B6bj8deru8Qx1xKL9Vqx5XJfM84yqqKdsxTHUMrt7V7Cpggd8kCFKtQe8WYfqjbPgYsb,[object Object],2025-05-21T12:28:52.000Z,91,1,15,2,440,141,Skipped,0,1.95
YT3Ub86gvDeRxgJEHR6EfexrubYjHF6rdit7QVoqndSLUTuU2jguRcmJ1ahtFZ1GwQcsy7TxbBbCXV9DrKFANZ7,[object Object],2025-05-21T12:28:52.000Z,50,6,0,43,173,250,Partial Exit (Win),0.05,2
481meSLyboDnuUN37YeVAaWGSAXHNFX5nyrmfMmv2Poe9DgHdf1vDMFgfHbf488GRatHWHPXhENDbpBCbg2C1KGD,[object Object],2025-05-21T12:28:52.000Z,42,0,5,42,301,77,Skipped,0,2
5ikGJfULGut2YfgeARbCyP6g8AjhiDzRtbh1xi3URKg6uu2ziXgUUWQxMvbZYp3jtm81DCHx4bzL1TywjU7CQfuS,[object Object],2025-05-21T12:28:51.000Z,5,5,10,4,379,21,Partial Exit (Win),0.05,2.05
332oHHagPU1F8QA9pht7pXW1LtQZg3wwZsjQBg7B1SRfvNhvPDRh7Us9RCyGE4tgXAeW9ReFcedPJCSzHF6ApJqz,[object Object],2025-05-21T12:28:51.000Z,84,3,28,28,312,224,Skipped,0,2.05
gYngTrVzj6xqRnvFBWpv3htCpd19PLzmbisQqzzdUUQgKeKS3VdzVrqFR5wLfUdX2z5vHHTLH7pQz4UnAWbYvtm,[object Object],2025-05-21T12:28:51.000Z,56,8,3,9,443,268,Moonshot (Win),0.2,2.25
3hQRnHDhYsMKgqKvr6dowZchCinp2GZvG6B4VAohxDzi47iAXVX98r2hSivAGuwKL8JDsxP8URBiw4PJU7Jrke2q,[object Object],2025-05-21T12:28:51.000Z,54,2,15,53,294,69,Skipped,0,2.25
3V9snAK8nA1Tmtu3HjYdkd8imNQLqSf8xgRZ23gD9Jdr5mQCb62AE9GqLEdCkhrpmTx8TnyLtkaUYuCgVJMFZwuD,[object Object],2025-05-21T12:28:51.000Z,86,3,8,84,87,174,Skipped,0,2.25
2Q2359AysYStc92ZvX6tPBh6C4QYxHtsjAno8KZuDdcBwJaZybRBrdbmXYsoEkfYShYa7z5jeQTD2QkchofU9TFC,[object Object],2025-05-21T12:28:51.000Z,95,3,2,81,383,174,Skipped,0,2.25
eJC6zLPxY2qJ2pMYQdaaos7wH8KMMf1zqzgMM3ch28Jw6eTxvNEX6nouTxrb5JEKn9gY7HHev963jA6sRPNnMzu,[object Object],2025-05-21T12:28:51.000Z,64,0,1,61,380,285,Skipped,0,2.25
o8bKwVAqhom6AEou7aih7G9ayn8ZLCU1UavB11HA7XwGSXC7QxRxvFSLaVHSLdQQ9FZzEPoYwXjqenErdJaupzw,[object Object],2025-05-21T12:28:51.000Z,28,2,7,41,392,269,Skipped,0,2.25
292e2nsuRB5hqbcSHKyP6xuRAVc1tu8YXnddJBuxgbuHMyf8rgLPGFZ5bRxzMAo798PzEKUyZZWgG4kcBWkuoR5j,[object Object],2025-05-21T12:28:51.000Z,99,1,12,37,464,30,Skipped,0,2.25
3e1DH5nDQZhmtD4tEB47HSGybs9pSyYNjj3xgx7AoSynhztmPYUtjSu42gGkuVCxQejdgddJcS2tNjfASaKsPsGE,[object Object],2025-05-21T12:28:51.000Z,47,0,5,69,122,279,Skipped,0,2.25
3NmuYwpNPrPEE64NcMZhwkSuX1sABzqxxpCcPPos45Gjpv7L3rWaUWabNPXMcoWiwZhS1hDWuReQtDk1KsFGknWt,[object Object],2025-05-21T12:28:51.000Z,92,9,2,41,387,184,Moonshot (Win),0.2,2.45
27AX99kff1qvBx1d1zEhC9sv88xAdtcYEEAVzHwGetHaLmdLX2H2VsnHzDUJi8rzoLKwaFei6hKtCc6yuNVARcqp,[object Object],2025-05-21T12:28:51.000Z,34,8,10,55,347,191,Moonshot (Win),0.2,2.6500000000000004
2LzxFexf7fBDLytDTi1AT9EswXYS9B5p1NcEdfFUKE1JbLpQJ42ocSqB1cJv6jrVDR9A1Ggg9xYup2iKpFmETfBG,[object Object],2025-05-21T12:28:51.000Z,3,7,16,51,42,43,Partial Exit (Win),0.05,2.7
3WQU8bhSL576K7hzeXr8VH9wDknhudXshfVt9o4uDPnCTyT6mkUrrPf9WaDTMpJN3XvpMt5ADsVek4QpM5Du2P5,[object Object],2025-05-21T12:28:51.000Z,68,1,12,3,363,63,Skipped,0,2.7
2wuwJ3prn9DzjZ5yb9cyze65wwzNcYi7nAK377k8cYKL3pitQD4nLgh5ZUNDF7rzmZUcqb1MBd7hwKwnUYP5umRA,[object Object],2025-05-21T12:28:51.000Z,46,6,21,39,405,22,Partial Exit (Win),0.05,2.75
46LfrQa7G9s9EsZhwPFzzoJUiuhaXYSdohHUFf6hVoYpHGSkShLRsEzvfvqSzK82Bzev6TLqRJcBrrvEgohe2hXb,[object Object],2025-05-21T12:28:51.000Z,80,2,28,83,495,251,Skipped,0,2.75
42tCbMJefW54KMEQoKka4HtfmTB9Pt8Zg4mKcFx9gJb4vdH3ZXnrpEkBQ3eCBRTkwkk3rM1ueccKoC9YUPDskFyA,[object Object],2025-05-21T12:28:51.000Z,80,4,5,32,128,273,Skipped,0,2.75
4DVVPYW9HvCtrKHBneuZ6bj9XtzGoNEMwB8eQ1JmEMthA1USY2qd2x9HChLtj2AMzpU3GBUMaGsFKa9DWJXxHESa,[object Object],2025-05-21T12:28:51.000Z,65,5,7,73,58,97,Partial Exit (Win),0.05,2.8
xPJerkXkcBYhnuxAwpQgjMKw95Wj9JnDPgp4RpkpKvPDyPKWZMSPXDKQZ3hSBmviVNk6rD9G4dh1Q6Wu7mzRrX1,[object Object],2025-05-21T12:28:51.000Z,14,9,17,60,115,177,Partial Exit (Win),0.05,2.8499999999999996
56hVKmuHanJHuyD6fAHNACDSbVNWasatheF9JnCH3dpJk7221tg9sRYCSFKHeyMYU1bsXX3TitTSGdnUmSakDBt,[object Object],2025-05-21T12:28:51.000Z,36,5,1,36,357,52,Partial Exit (Win),0.05,2.8999999999999995
5fSYFao19moBXEZvDbxhpH3Fm9UvtEnwdAnUKpjKgtTBWmdPk9rCdBwcamVSbkBcXzk4mMR5tq24L1KMzFcWYakR,[object Object],2025-05-21T12:28:51.000Z,66,0,13,25,85,200,Skipped,0,2.8999999999999995
5xcJdARG4LkkMrYrZgL7YdiwUGCgrr7gSoWnzNmuRUUUWS3bxR99TwpVGfh5jYY9UKJUBCbkDyTiGqxYhUFMQ7XF,[object Object],2025-05-21T12:28:51.000Z,84,0,2,41,414,153,Skipped,0,2.8999999999999995
5VipMbxnwX6ib9Hbv1WY1wtZFDfLkcYPWhSGWqp6PGdrLQma3RGLQzaUcjsRF717q5p4UUhHwFDfsuU7vdH34S2n,[object Object],2025-05-21T12:28:51.000Z,56,9,18,16,181,166,Partial Exit (Win),0.05,2.9499999999999993
4DjBjs4r2rxFTCtiyhDRnER5eMYMs7pUq1eqzW4bokfuPbJUBHNKMvBR2EQoFCevQMWS7c1oaaLD9FeH5KT6beLk,[object Object],2025-05-21T12:28:51.000Z,3,4,15,51,311,127,Skipped,0,2.9499999999999993
4JeqNP3YKnGEE5rqrimQPMyPtGLrnrSAocru9McCy3qLaZchGUQwcPuGv6zFLAtW8MWebzyV96zZd9q3eqqFifgP,[object Object],2025-05-21T12:28:51.000Z,32,2,3,46,110,113,Skipped,0,2.9499999999999993
5QNRB2Kv5UUym4mx84hEep5psoDfdnSNzsDkmUsY4URJXYLbCFzEqyyLhn7oAhDfa2pZ23ynzEBWCKHNKN627cMx,[object Object],2025-05-21T12:28:51.000Z,30,5,12,10,460,149,Moonshot (Win),0.2,3.1499999999999995
64i5sZx4sceeLripR7ZaRogfJAtbjUW6HHVezaBgcVvWwVhvHRY2x8xAUGcxgNtmxiRQdB9BEGC1uZUhbNRchr38,[object Object],2025-05-21T12:28:51.000Z,71,3,23,20,305,202,Skipped,0,3.1499999999999995
3NE2KRr18aENujD8cHYfLJMPDd4FqKNw5RStbTpwDzhih2EVcmm9cpUX4vJ2YhmGip4wxDbQTuFA6wwWGZSvsyT2,[object Object],2025-05-21T12:28:51.000Z,46,9,11,11,112,59,Partial Exit (Win),0.05,3.1999999999999993
xy2dXFCj81Dd8FqVMNeTjjMvWCcBtF6cREVFnEy6JraiozwFrFk7Q7Z7ZbSn6CDTDeHgajAy9h3Uj1Vxf6DHpYE,[object Object],2025-05-21T12:28:51.000Z,4,3,15,29,401,3,Skipped,0,3.1999999999999993
64ZNHx7YTRzdeJHYQRSrcS9GgFfBvNYWGCqxwtTokjdMXGS7tjQFvXvY4qSX5aqKKxMF9qBkZJtchR6j9F3huDuq,[object Object],2025-05-21T12:28:51.000Z,10,6,25,49,278,151,Moonshot (Win),0.2,3.3999999999999995
gLEKrPky8fHxtJugBsJKZzi8jmiSyE9oVJTsn4xNmhuncRdzz6SByV5UXf3bToxgkDnLoya8hm7py9EoNsFC2u9,[object Object],2025-05-21T12:28:50.000Z,96,7,18,59,224,231,Moonshot (Win),0.2,3.5999999999999996
iS6mM2BfZq8EcaZAizhzxH8FoqAoUWpQX1ajeQrgWpFz6GhYzJyNe55vqsPwJ82cJNgRxHPu3Wz83E8bFwwQTUB,[object Object],2025-05-21T12:28:50.000Z,15,2,14,72,308,19,Skipped,0,3.5999999999999996
42Wm3vxQPU3XgVnJwCEXkiRwKXK14BhvPyEHjrbGefm2aBviV2QQ2CQ6TetiR4QNpBGxKWDkssUndDtcxTao7cCu,[object Object],2025-05-21T12:28:50.000Z,65,1,19,3,376,167,Skipped,0,3.5999999999999996
5JeUhmqCoQukhg7eubGdAkjJCAQ2neBdtjTqZfoHjLcEbNDApLoxX8gfECMFTJ6BSD94Ceirk1E3FzdGSV5tfy5Y,[object Object],2025-05-21T12:28:50.000Z,91,0,25,45,198,0,Skipped,0,3.5999999999999996
2zEq7vdAxZdi9WwB4gQut2yfw7Cph1QJ3rfVYautxL38To6i9NterBBhqxLHKpKF9N9qz9Gx4XpDxzRs5fkRFqKh,[object Object],2025-05-21T12:28:50.000Z,69,0,20,42,305,63,Skipped,0,3.5999999999999996
Pjs1qeCF4eYggm2EorauoDuwCwiWZo2QEG9zNVrwhR9LzPDi3ppD3UREa5MuZoKgDnLDQHAoW44a97ivVCRe2nC,[object Object],2025-05-21T12:28:50.000Z,38,8,28,16,51,123,Partial Exit (Win),0.05,3.6499999999999995
5fjk54RhPig25Repn3bwoHEwRfacFx2hCeiitVoSeLQNnWuSFYcUu65ANgt8LdsCgRBiZctwdh7vuE8J65rsM1p1,[object Object],2025-05-21T12:28:50.000Z,28,1,0,42,131,157,Skipped,0,3.6499999999999995
2jNgP9JuQu9U7Hd2UvV2tyFn51f4NeUnjaqyPVHEVuc8JEgFrAUV4XuUU8TbvsbRJuQaZsmXw6sRuvg173rHoNMu,[object Object],2025-05-21T12:28:50.000Z,46,0,24,67,22,31,Skipped,0,3.6499999999999995
5bWU9893Adj2Ueat4MybDKv7LDQry7Eyk53hMZpjk2g2ppkPKZywfnLbKbmbXpSbnukZ1ioJWvxHqzMBEjvxhZHL,[object Object],2025-05-21T12:28:50.000Z,52,4,29,7,397,153,Skipped,0,3.6499999999999995
2iWRGsXmDXM84hxZMzBWcdg4bRtxhEj31ruEVqgtEpwevfjev6vR5w6v8vgbZ1MNSfzM8gAP8m5XfTSHgcZtwi2p,[object Object],2025-05-21T12:28:50.000Z,53,5,11,94,473,119,Moonshot (Win),0.2,3.8499999999999996
4xfrVfAJeoZWGhRgRcMtWPEerdCHNuMYb7Tg4M1mJ8N9c9PPsf8sTyQz24ZPKjQdHHFcXZBTkPaCxDdcYJH3upif,[object Object],2025-05-21T12:28:50.000Z,72,2,17,93,427,81,Skipped,0,3.8499999999999996
2oF17BNx5SH6oeCNpyXDjzbfctRqVQJKJBJrds3JijE3pkE53327qCmm2Hzz5ejfhMWbKgUiQ9dBfK5gh3WfQcea,[object Object],2025-05-21T12:28:50.000Z,31,4,1,9,192,255,Skipped,0,3.8499999999999996
5YDDAzCphqe88Vtp7BSAHtbKAax2GZB8EozUWy7WNyxiGBDh3Tn8VPC9WZrtWYqYCqxWupsFAvFdwfsNLfdZA1Es,[object Object],2025-05-21T12:28:50.000Z,87,2,28,49,169,52,Skipped,0,3.8499999999999996
5UBwjreqe5UE9XLBa7SJoZHsMLGDA1uCNLPsEpdjZwfPbCUxrGA2jq2oy1wnGFybjvf6QTzmJCgT9H46aJaQeS9N,[object Object],2025-05-21T12:28:50.000Z,84,4,19,13,22,262,Skipped,0,3.8499999999999996
3DGogqufj7gsmUyZHPdWLfaiJ8b9cF4KdKLxtAvvgWJfjVNmDU7Fk8FS6urHJwiauee3pbJGZpzvnHV1cn2a8y3g,[object Object],2025-05-21T12:28:50.000Z,52,5,5,74,398,253,Moonshot (Win),0.2,4.05
5EG9Gwv637VzgUoEDtemgfRYv1GXZ7MvQQLgbPdpnXiwCgdZzuscNuzP9bMvctV6ZYWMz4bArhgrtUo2kb1sWjsi,[object Object],2025-05-21T12:28:50.000Z,13,0,13,17,137,22,Skipped,0,4.05
3NHbWoDA9XrsnVFL2q5ce6XpYmV38XZkMjM5R3squSLLaZhr8xC4445eJJ2iMBNjR6rtNUQTB4UjFvFuUkpEnL4s,[object Object],2025-05-21T12:28:50.000Z,58,5,11,33,338,277,Moonshot (Win),0.2,4.25
22SFLu1x218qUvN59ijYa2R8awBNzRR18tEWntjhdT3C513DB1TC26D9GjmLMF4fgWTorSejaWaxKdxzx8tiE16t,[object Object],2025-05-21T12:28:50.000Z,33,1,5,56,419,104,Skipped,0,4.25
VcBtWAWprE7KYvgZpVTKTZQ4xJz4n1iJ6QpjjNRqfWy6rorrQvMpraz84PgXxF31Jd1vTEGPtVCvZe4P25WAyYq,[object Object],2025-05-21T12:28:50.000Z,56,8,24,50,454,89,Moonshot (Win),0.2,4.45
2k2wWD3qdBm4p9qE47LbrzBk6Dj1di4ERoKZbaCAmFjuUv3CmJtGsXbsCjNqyYpeK9EmU5s8kNYw6ne3yZBnF9WT,[object Object],2025-05-21T12:28:50.000Z,31,5,21,54,174,229,Partial Exit (Win),0.05,4.5
3ksMDpkmJ1d2C6hrokAWMDBYHriDCXrhXzJVqTo7oEv7ATkTowXMytqkwZPVYt5T9kwS8q8CH6FfNF4b7XYq8kmC,[object Object],2025-05-21T12:28:50.000Z,92,7,28,30,208,227,Moonshot (Win),0.2,4.7
necheFJyjPo27KQS2GS4FjsTyMAQd5yV82ZoyWLDDXPNYT1UXD8WVWJhDLsnWx7ofp6vYRP9fdH9QgPVc3T75JK,[object Object],2025-05-21T12:28:50.000Z,30,1,21,78,455,40,Skipped,0,4.7
4UzPaMvWmV8Qtyd4WA25djzcRJVZcNdSq6RTmWqwxfjuV6zQncCtsyBfqzSvfHJb3RpsZVrgaYANHvcBwgKTswmD,[object Object],2025-05-21T12:28:50.000Z,35,4,16,42,238,26,Skipped,0,4.7
3B7pU4s3n25aAjkuLYjutc7P4wGH6DQ8ppzpG9Tg4jjwiJEqqQTMxPsm7Nu7fzvdMinabAqRgUY7TMJtu77oHiRx,[object Object],2025-05-21T12:28:50.000Z,22,5,14,3,444,293,Moonshot (Win),0.2,4.9
bjXgCEx6R2Qfk28Akzp7LeLqY4wNQ1fGeCJh3H5SMkrLBRv2BWCTLPMCpN19kyNwxSTrayoeFxHPFNZwqaAoRwA,[object Object],2025-05-21T12:28:50.000Z,47,4,25,8,389,26,Skipped,0,4.9
3i3u7w7CFgR3qSjbp5NwCurWp3ei5BpivtPULLGUYXLJGyjqxkUewErF6nGnUnj7e4JofkkmEBzTHgEK5B537TBB,[object Object],2025-05-21T12:28:50.000Z,48,6,14,79,65,95,Partial Exit (Win),0.05,4.95
3RtCsFodMP56PUsBrjV7BUmzbAt1ypHnpAEH8ZGG2GVnLfXnh9mrfyDjSkxzYZebwh6rHn49zePBTbxTuwdqH7xs,[object Object],2025-05-21T12:28:50.000Z,11,5,25,19,341,179,Moonshot (Win),0.2,5.15
3Cn9N9wceJE6RVNcfgDitbCpnQFfVJKhEBsKdncTmB2hxWKVgtCvjRXqpMQsCRWPWzC1mTfAovABJ7wZHMmwub21,[object Object],2025-05-21T12:28:49.000Z,33,8,29,40,161,112,Partial Exit (Win),0.05,5.2
4hwd61BMdcoaTGa7YnDwJSy9Gx2r9u85cidugjHKQkeuNUSHYfdDowHcZ8YhLSCyTPF1doJ7K25wLpMhoz9CsXvJ,[object Object],2025-05-21T12:28:49.000Z,4,2,1,30,51,76,Skipped,0,5.2
4XXrUYCpvXD57Y3NSKQqTTYTZbEAzKFWgtHz45HUdWwHg5ybJaBnm4ur2SMnptkr6gvWR9AXHBPqPxoUN1QaqQs5,[object Object],2025-05-21T12:28:49.000Z,80,4,8,22,196,275,Skipped,0,5.2
5iuyod28zpkCoR19CBzSnAA3xM4CUq73v8HRUxtVoAYjpsiuUzsbf8jdCRwMchqnfNgSnFWaxTdzPz6xwYAFa1WM,[object Object],2025-05-21T12:28:49.000Z,27,7,20,9,492,178,Moonshot (Win),0.2,5.4
51cFaakxAHtEBzXz8USVLYYdiNX4r8ttUf573xnuJoWv7VhYU7FMVEdZQ6cgmuxbVyMWyMJdqaPDEwLU915zoN4g,[object Object],2025-05-21T12:28:49.000Z,57,8,5,85,435,122,Moonshot (Win),0.2,5.6000000000000005
4Ms8RGGxFQmrLbWLYL2vMCLCm7d1KV5qJNe24zMb5o56A8EMFczj55JhXauMttE26waTyjS68378tAFAufwsNwSS,[object Object],2025-05-21T12:28:49.000Z,96,9,24,50,163,229,Partial Exit (Win),0.05,5.65
37WjaExwCy5beXbwdZNG959MziqDCnCi9oznhNWVBq2XYBzF1JNcLFKDkcoFDd3ogqr82BpmJxbDsiMcRSZozjK8,[object Object],2025-05-21T12:28:49.000Z,75,0,4,58,438,276,Skipped,0,5.65
64XJYVUHkDXF2hWTJ118UEXhDpkJJn3EeHVNwmJWitNMvRpGcnetWxqrUbQMH5hzDxjGq7E7ke8huC1GPJpGjDn1,[object Object],2025-05-21T12:28:49.000Z,44,4,13,3,9,92,Skipped,0,5.65
eUPYJvaDPZDmidouuk43Gq6tvchH9xnD87iEHmWbrNjK2iYScuR4pLUfJt3fLQzu75j7cPiejtiCuAZhLMSUVPG,[object Object],2025-05-21T12:28:49.000Z,53,6,28,23,466,264,Moonshot (Win),0.2,5.8500000000000005
4U6YFWuPS5wod7kBwcVHJszyDvtm88uQToiHEKq2sTrjyAzmMKnYxoyWqUWtM77ti2gKpScwCK1cSFLF9Utta1EZ,[object Object],2025-05-21T12:28:49.000Z,65,7,10,98,134,85,Partial Exit (Win),0.05,5.9
3awSGNeSi44KGXgDqdsNC9HerEeY8kswFr1iHH9QfVQRwaS9kgJkL9T6gsivPStrcyPbcvHnqngDuXBgyRHktJJb,[object Object],2025-05-21T12:28:49.000Z,88,4,21,38,14,43,Skipped,0,5.9
3M9zivqXzZHwkww6z1xXf77Sf6K1qvRbeg4zLM9jjP8apJnfr9jYtGRYL7gFVb1KQu8pdoVwgzViAePcXdCgZjyZ,[object Object],2025-05-21T12:28:49.000Z,34,6,14,49,134,136,Partial Exit (Win),0.05,5.95
3HJbzgVoaoBZCBWbagqT8fafcLUkG833gDtXTkrWxYbqWzzwYysb2mya2fW2mRw5YwJXA4rDnFxbZ9YAfV6WhrTC,[object Object],2025-05-21T12:28:49.000Z,83,0,18,81,357,189,Skipped,0,5.95
23Rq3Tp6sQ9uqgBQHmQifoJv2aroxCwF2HV3WJkGn1gvcPwgyw1YA52ccS2ief7zxf8hmiPkymiZkwCsQr7RDaVm,[object Object],2025-05-21T12:28:49.000Z,50,3,18,44,169,178,Skipped,0,5.95
3f1Ns1uHCAqGxkkAEKz6NfxB7NMa9odKVCeSgzd4J32Cr8sdD6PVWv5vqS6x7nh4CzM1agNMtZPaKfeZanGK8QZm,[object Object],2025-05-21T12:28:49.000Z,33,8,16,9,373,0,Partial Exit (Win),0.05,6
5fVg9cGGHp4WPyiSQLXiFTgXnn66xv2Z6zxQLusTNk85b1jxbxkjU8Dnur4nBVkFEj18CxRFJv7fHgnaftFtqzkP,[object Object],2025-05-21T12:28:49.000Z,43,2,14,86,331,79,Skipped,0,6
3hs5vuywRa7Z8zufRUGQRgtvkGyQT7gXQfQpkcLKtnv5emcHLEtSPovyUVe4nTL2Xjf4fZdxECACmqkznpk7rpw6,[object Object],2025-05-21T12:28:49.000Z,55,2,29,65,128,116,Skipped,0,6
2sPz6Rx7n1Q6c1xVvuii3PQEAm4KtdaWbPnaame4BtxczKBXNPM3K8fchoiQjJAsoxWyLoyUZSEdUzNzhJ4veEXh,[object Object],2025-05-21T12:28:49.000Z,26,2,19,44,187,55,Skipped,0,6
21NBcMrcow62sAFY7u4B413Fa5SHeNKAhkWgCKyK24NNm6v4Cew8KNHCHKupstdnqzpaQkjRnq2ytVr4mNCkiTvj,[object Object],2025-05-21T12:28:49.000Z,63,3,26,41,448,69,Skipped,0,6
2NYvzFvDiPnqK8qNo4UA1tLYg6JpTSeegBYpnN4wwGy4aqM3RHhaSRwud6V1ggQhkdARJVWLxRasbn9HCfHBptgL,[object Object],2025-05-21T12:28:49.000Z,57,2,9,41,65,251,Skipped,0,6
KFzZkta97SLhr8jTpNAN31DHpWDvGdpAfiu3z7yi6KBLiJ7RfKPKkaAHpzEWhi8y95FndQwGqXag7NBcEFEV9hf,[object Object],2025-05-21T12:28:49.000Z,62,6,5,99,51,0,Partial Exit (Win),0.05,6.05
2ZhfCbnJj8LY1jNRBHqj2kyqg93yD7FDnTHgfqDsH828Ck6k7RuR9kXNcihnw41i73UA8jWRnYwPoYwLd44zGQB5,[object Object],2025-05-21T12:28:49.000Z,48,0,13,14,114,105,Skipped,0,6.05
2UJ3rtJBgCC8DiZY9Jf5piBHbHhwzKsyJSfJ659VLRe3wmfe8NdZKQgYpxMoje5pM5dMGPnWB5wxFGp212i7ZxPA,[object Object],2025-05-21T12:28:49.000Z,72,8,4,50,398,176,Moonshot (Win),0.2,6.25
3mFX4o5S4xAyyzGei9uqEPaPoDUm6sFK7wPEknCSBkSrAM4QtgdiixcHNM2A6Q4bbyGL4BuukHDEXS1nbw5cHKyR,[object Object],2025-05-21T12:28:49.000Z,34,5,26,93,127,256,Partial Exit (Win),0.05,6.3
5s5BjGJijNbaf393KSyeQKKEZxcWvTLuFd4F27vhF7DufX6raCkx3vKJot1giVE6U1H5bz9jkCyWyv9Yu5NW7DeU,[object Object],2025-05-21T12:28:49.000Z,21,5,11,64,312,127,Moonshot (Win),0.2,6.5
hSPMjXfAdZwV9mxsqJ1U914Btgc8jrvZm1Qze1GiJigiC1ux4wgRpvU1eTTHyP7VnGeA5MsqENSrEaACDxnz1Qu,[object Object],2025-05-21T12:28:49.000Z,71,6,2,48,469,96,Moonshot (Win),0.2,6.7
mNyRQbDTHVDr7Wqn5NsqYuViA5TQhRqjzHzaPJtudC81ivctdXpzNMDcJiDzUXzYjUTANJyB7tH3ESzxyAaDVEF,[object Object],2025-05-21T12:28:49.000Z,48,5,21,11,155,183,Partial Exit (Win),0.05,6.75
64VPvHSvBxm8QFcdoQLcayrmJgLZGHw9VTSJiM9ARm5us2taCGK1an2ZoRkNDdp5NmkReL7rUabvFh2crfDZgGLB,[object Object],2025-05-21T12:28:49.000Z,91,9,22,61,321,246,Moonshot (Win),0.2,6.95
GEfW8cAZbA9LuCPtE3w1EREeYQf6zWzcKE723zfKADAg4k3NcigTJHoL99m8gsojYyFUvhA2Sfn3k59e5qhJBqX,[object Object],2025-05-21T12:28:49.000Z,22,8,5,49,15,244,Partial Exit (Win),0.05,7
24qk89EEfwvkunfdhBHsFExXKbCXsRx3PCKDTZHpd9dRCrYBHZzFsvpsnjYBCVkugiggjgRqU5DrvQzugK2LXnKa,[object Object],2025-05-21T12:28:49.000Z,24,1,7,10,77,33,Skipped,0,7
qZ4L5sqxAxKK4BKe5PobsHD4pbb9EExXz8nwGFXMQNjrY1YKPhZbWoJ1aUi6JPZH6a9WyUTeF8j8bD1Mt5C79Xy,[object Object],2025-05-21T12:28:49.000Z,41,5,8,31,491,241,Moonshot (Win),0.2,7.2
3p5acinMwVhKgtVbUUmtg4DJ9ofd1ZZWHEGsrhqwyCJbiiB1KhZgSbdUMejUkTkB7o7yQnmfj5t26BxGYP3r9RYQ,[object Object],2025-05-21T12:28:48.000Z,14,4,15,66,367,207,Skipped,0,7.2
2b1oh7ND13vQfASMQtfNcFiKbxMX3oBJfZsXWw4tZVhgXQFCgYgMFbTgdW7PS7XjL1vUEEN3UyZsjkZ2EpQqmWGB,[object Object],2025-05-21T12:28:48.000Z,99,9,28,68,170,104,Partial Exit (Win),0.05,7.25
oR9SN6AwaSKkzUg3ukKswuGhCRQaka3bkGDsLgTpV6P3xYQJi7raPSnBQcQ5GNg7ywUCU7qPqfsef6Th3HME3JV,[object Object],2025-05-21T12:28:48.000Z,99,9,21,9,196,272,Partial Exit (Win),0.05,7.3
2r3QAdFHq4pL7Scr6Rhvvxzq2EFtUsEjrpo4jpdhprNLi4BKUbKCTXsWbnNe3j8VcLFk52cz2x7HpqZPTWo9bVdf,[object Object],2025-05-21T12:28:48.000Z,22,6,4,28,467,209,Moonshot (Win),0.2,7.5
bZ7wB2w9zVYnFXpAZhAFbcCb14Ai8ihp6mdSUnJEW7e12fvKk8roZifnRdz4BHP1z9DCgMEErk8HdiWVBN63F95,[object Object],2025-05-21T12:28:48.000Z,92,4,28,97,499,173,Skipped,0,7.5
3V7aoWCmJjKbtRZHeLSNKEY74GpEPUV7Ukia5HcDjiZneA4Hm4MuX9vLCdWZmfpVKaamwg2gayJZDZbirHPjdrGw,[object Object],2025-05-21T12:28:48.000Z,64,2,25,23,216,178,Skipped,0,7.5
5HK1ihwEQhsx5yvJWSFD4SLgLEuypFgFy95UfgZsoCdsjwuTMGs7Q2PzYhgPSijVYHLpcxn9okbyBCCSnMUb8Bqp,[object Object],2025-05-21T12:28:48.000Z,72,5,15,6,288,245,Moonshot (Win),0.2,7.7
4GAqEGE3VfZqvUX3aixhzeaHqmRaUVXEaK97pbpVogjyheQJkTpqjD8Sk873wE5xcseADHB6NJLEzbswBCtitVc3,[object Object],2025-05-21T12:28:48.000Z,29,7,5,52,54,174,Partial Exit (Win),0.05,7.75
4tvysJkiAQBjsuAu1U26xbRadU4RVXGBXCokeQxrfQ5kLmiDxwokEKXPFDQZ8HTjLqCjopFM7BmTM11DjTvC9auH,[object Object],2025-05-21T12:28:48.000Z,79,1,22,90,72,160,Skipped,0,7.75
39cvRsNPBvwEqjAM2eELZKPnwwFZGbdY9ZmVLDFTVFijhnbb6tjBY2Ze6g3n8DfRWP9kWhGKSjgbPxkn5Dp46T3,[object Object],2025-05-21T12:28:48.000Z,88,9,3,38,174,193,Partial Exit (Win),0.05,7.8
5jhYhK8J1G6KabCER92AoAusBb2VKUbmD5FVMawsbkGzSrhvsXfmURLLCxJpZzexzr1tckVqFydKhzYSPbpu1qPe,[object Object],2025-05-21T12:28:48.000Z,33,5,28,30,68,57,Partial Exit (Win),0.05,7.85
5xRaMkjvXAFcQvP8gXMm2rzY8D9o4WFuHRz9LKJmddPCGnNNwp4mS52mypsGj63yJgg2q9YiF4XJeZuwPH6Qi2T6,[object Object],2025-05-21T12:28:48.000Z,56,7,20,30,264,231,Moonshot (Win),0.2,8.049999999999999
oFSj3njBdraKPYFrwAdeaDzg6Ni3k2p7U3ZcyCNUxaRzuYjjACgQnyNYCNKR5TJUk5DQWLFY4mmP2qGcAH2K9QK,[object Object],2025-05-21T12:28:48.000Z,36,6,16,86,109,244,Partial Exit (Win),0.05,8.1
66BgLMU62mhR8wP2BAUwWTz6QRRbJVJPzif54gxR4SzuxkYXQLvQaJsoBSiGXSNJcSeFLMxroDpbMU5FLePW1RBN,[object Object],2025-05-21T12:28:48.000Z,81,0,26,48,243,97,Skipped,0,8.1
4Qi8DKDYbZwF9d3E4hGRQG4qCf4nFE7ssm8676zEEo64NxahKEoMdzK8sZbQr9P9YJwzrnrduJSy6HhZWuUNFRSZ,[object Object],2025-05-21T12:28:48.000Z,81,0,23,37,488,207,Skipped,0,8.1
2jfqcjPczLENS5bEC3rkzCAx5eH7DZefNod43V1Kyknze9nHkMaYE5GmuVSoBCddCtxsYzDSZ9suVmezMhUJ6FiM,[object Object],2025-05-21T12:28:48.000Z,99,1,14,22,201,159,Skipped,0,8.1
55QioWx15zQn3Ng61T2TEHqCaG923Sza4jQGicj2wuVBz4ECnQ4hnABahesK2M1DB2mfCkaVSvKAcnv7XNEUVhTK,[object Object],2025-05-21T12:28:48.000Z,81,8,18,11,473,221,Moonshot (Win),0.2,8.299999999999999
376aEpC8iXZo4CK5sE5vKMuZcraFcFsqhpNKXdPwNGYwB1npkX6e9yUrrKUSotg7kpvB7nwEGTvw95T89xgDKdg,[object Object],2025-05-21T12:28:48.000Z,71,5,7,1,69,201,Partial Exit (Win),0.05,8.35
2SqJvfTHLqEnNfocfWVLRHXndpMR2TLpria3p6t69mL7vXqLwNb7Md5Rx53yKsNvDHe85QSKYcxDhuyDPAgqRDDy,[object Object],2025-05-21T12:28:48.000Z,27,4,17,45,11,23,Skipped,0,8.35
39te9TVU51MnQZprRTDKEKkYU9VVWXjx5ohGiHAs6gNn7oXU31rHyYiQCnNuybmL7puzRwnK1u8jRXYmBxUem9AD,[object Object],2025-05-21T12:28:48.000Z,33,9,18,18,465,71,Moonshot (Win),0.2,8.549999999999999
4wnJ73Jpd9sUX9gD5eKJN4bzANuFq8cG9L8uJnbGKMTjUYfgraFLUVMBKpC3ockTCAVYdkspxHnJ74rnfYsx7rfg,[object Object],2025-05-21T12:28:48.000Z,59,2,8,24,237,282,Skipped,0,8.549999999999999
4DMHzGmedCKZTWzuUuLcyjMqLvtpFqoQ4YASLPSJPQ1mc9FXD8tNz29XQ2rAyRpTTNXYBm7h23Zvyju34ARzhLkB,[object Object],2025-05-21T12:28:48.000Z,61,9,29,98,172,230,Partial Exit (Win),0.05,8.6
2adXRz8kiEe6BBELsMwzxwAEycjTkEyRT7wTM3Dj2CdM61q4iYE6GFWAnBLz2C6Z4FV5oSJn4ZDD8ULjbrySVXCV,[object Object],2025-05-21T12:28:48.000Z,99,2,17,17,308,175,Skipped,0,8.6
3664kzowuRm6gT73XhWSZY8atEKGERwR6uXE8PpKCgmBMucmnpNV2F7pRzbdio9wspPbPKYcQwjrnRcUrX356v2D,[object Object],2025-05-21T12:28:48.000Z,74,9,8,66,430,138,Moonshot (Win),0.2,8.799999999999999
23zB74oGkrN1MzbcWTM8gRyVSX1DM5K5hdog5SJRXY5VoYsCcvpMhMhQ8notmWM4fKTAUwpaS4k3z6NcPcqm5tWi,[object Object],2025-05-21T12:28:47.000Z,47,9,18,35,198,210,Partial Exit (Win),0.05,8.85
DfLeGfA11vzKHLZGqFF9hZJE7TwTu7yshKwUjpN8iN8E8r8yq3CA3EDwPZNZFwsiHCwxVkpftA1pEcqE8XepqjU,[object Object],2025-05-21T12:28:47.000Z,52,2,13,60,433,187,Skipped,0,8.85
5oQDeyc1nN3ZQHmaacYzErSoKiPMph3mFq7mRUgrxasptvQR3NYHrHaw1jGGtyERouf2Q2pfzsGaho7CxgcchBh4,[object Object],2025-05-21T12:28:47.000Z,71,4,11,15,264,117,Skipped,0,8.85
4kcpgj8ykFv1qLheHqY8up4sAee5chkL4iFUXxSL1De4Ec2G5Kuj2i7DDzugruHoKdRXSJnUb9P9VujV5VsXhaXw,[object Object],2025-05-21T12:28:47.000Z,45,2,15,11,309,9,Skipped,0,8.85
5ZQuhuZwdrfqcbVj2YgEDBbxwytwj1LX7L532Kv5UFZDzFKi9MD1XNrV8fmYc9UrTvQbk9oV5Z2V8g5rBkrufa4i,[object Object],2025-05-21T12:28:47.000Z,22,3,21,17,140,192,Skipped,0,8.85
3v2BLZfEM8y9t1vDabnGPZHXP1kcC7PDC2QHaroe1zpATsCrAqx1MA5hS5jFunC4o1LMGoDpLbaXnYnFZ6VCi5Cf,[object Object],2025-05-21T12:28:47.000Z,32,0,21,12,291,170,Skipped,0,8.85
5F66pJFE3z58FE77V4it7vDEELp2ysfjDVwf5HragRF4svzoQMkinTxn64apupoWQJcHVasg97HdG9h8aWoLgCMf,[object Object],2025-05-21T12:28:47.000Z,42,2,21,22,323,39,Skipped,0,8.85
2AGfSDcaypWHj1M5CcJ1jjAQTRWHZ2x18Ayf6aBgDCAnFZL53jzgsxpsAkYoi3Xv6Hkh13jDs79TcSxx2dW5uqw9,[object Object],2025-05-21T12:28:47.000Z,22,1,2,6,434,129,Skipped,0,8.85
2VcNm48SQCfZQ8jASj8GLAPZcsgPjhjaSXV8Md2mpA59RTjutLLrf3fHkFrZqErAjsHRLr7Wn9Q1UJMyx9Fmwkp,[object Object],2025-05-21T12:28:47.000Z,85,8,4,54,435,222,Moonshot (Win),0.2,9.049999999999999
5h5ThbbxJzR2ARRxNV4sqdiHvGLefNMs9DuChgQ6XGQdi1HtrKPJADJNrne1RQGdqJv8gcKMyh8wa6KqJMPiuQuU,[object Object],2025-05-21T12:28:47.000Z,25,3,19,29,23,177,Skipped,0,9.049999999999999
4D9PAvTFWfVVwq4z2qKJCUMf6p6ekmfL7LG6Jong9hURZJche86CjbziGdsBiKqX7k2i8fETarm8KNZMTGTtVC9W,[object Object],2025-05-21T12:28:47.000Z,64,5,20,52,442,51,Partial Exit (Win),0.05,9.1
5UvWmNtAt9Bp8vvAXGvxfbXD8UcXGdoG2jXnBqDB2iRjMAAPpBCvBBsAWpY5rCu7JzyBbtfcFvmN295TUiZpDXn8,[object Object],2025-05-21T12:28:47.000Z,58,8,23,62,193,109,Partial Exit (Win),0.05,9.15
hgi1HVVo1PKP4dmppnipmVgUrpxWzNU8iD6mG4FMBc4SNKtbogLP5K1eMJwxQnP8kDnonBtVqQkxNdzde1AmLH6,[object Object],2025-05-21T12:28:47.000Z,67,2,5,85,256,92,Skipped,0,9.15
258BitN4959CKrJ5NExgmrW8HM2Eei2HtTSN117Jf6et1RiSugTDaxCbYGPKAoLDnCyVRr6fiVUGzeKbrMAsCXHu,[object Object],2025-05-21T12:28:47.000Z,38,3,26,23,408,252,Skipped,0,9.15
4r4LKXgZZsAhqd4x6dEJzGPFYZfbisduegphrXXVwVsbtKX2f9AZeRWV3dEMTZXmo47TwPGYjyxS6yhGCPSMNpFH,[object Object],2025-05-21T12:28:47.000Z,32,3,27,81,166,57,Skipped,0,9.15
2LXdf1E1V1Z1Hjsvvj2TQVRHczBNjfCTTywZHacGSZ4K4tMk7C6NLKp6nRC6TkX6MhC4KXNxuLhyrs8mLjs2MySD,[object Object],2025-05-21T12:28:47.000Z,57,1,6,5,232,108,Skipped,0,9.15
48MTXwwLAzuHZZ6r3ph27pimkcnkYwW2uLQ5x26ar9hBrqqNCga1jkTTbtxUraay6FbPRR3kVfqE8gwP5XAPriAN,[object Object],2025-05-21T12:28:47.000Z,42,3,0,3,236,294,Skipped,0,9.15
5NtCf4EdimuB56S1A8ntuQqzR3ZpPsrRKaGvE1n4QiE6LPj2juzx65xrvSM73UDmoWp8mD2icCGi79RvDspkiZRe,[object Object],2025-05-21T12:28:47.000Z,99,2,28,92,42,145,Skipped,0,9.15
3gy5g8XgmMiLxqZUcVSVm2noy4HqHaHZqTvooTQY1kgU1jDWQLtxzkrLjkwSKyY3C68DhcPhw8MocnvBAcw3ejw4,[object Object],2025-05-21T12:28:47.000Z,18,5,23,71,201,138,Moonshot (Win),0.2,9.35
4ouftWW7msiqGbSkfjj7atmH18JMZkXWdaAiwH5p4X6en1sy5atVHSZPgktBCUVJsR49BzeQ9ToFHYxyx2mYNvAK,[object Object],2025-05-21T12:28:47.000Z,82,2,2,43,418,156,Skipped,0,9.35
4ampCWwoQusCjrAZNWYvc1JDTdNmmXdMe2QX5cdy14ZPGaVdzbNP9jHmgidyDaDdiigf8UpS9AFEnGwPC4d9846Z,[object Object],2025-05-21T12:28:47.000Z,41,0,0,40,70,251,Skipped,0,9.35
3ZMmNUd1nwDp1cv7FfKWvznE3xoQ3KAdxMkqjAEtAFwCQepMxVM2o7rAcRYafcFqJw7feHZttiFCCcdE9tXvzuTc,[object Object],2025-05-21T12:28:47.000Z,94,9,6,49,255,175,Moonshot (Win),0.2,9.549999999999999
4qJ52VhMJpvR7WMKvUxmr5GDEby664qpn8Smf75tuxXDZBtxTUmdyjQnhSgf9mP5egKh9jPrviFuLUiVcZMZ6Ybh,[object Object],2025-05-21T12:28:46.000Z,27,2,22,70,142,267,Skipped,0,9.549999999999999
2274fUC8bJawVQ5YTa3B2B8B1iabwtM3ti2ARJSFYduCXVHBWCKk2jH7eFS3pvUSjyMDb1HtuEhenRyiY4ZVNCUW,[object Object],2025-05-21T12:28:46.000Z,17,0,6,59,145,249,Skipped,0,9.549999999999999
DagqtFZosf8Zbt9fEEpCyphY26YVfhmdjXWNbpW2y1Rwu46nbHyUYS1DzqZcrfumKUaoQx7qBUEJj7vD38UN3T8,[object Object],2025-05-21T12:28:46.000Z,71,9,13,84,71,43,Partial Exit (Win),0.05,9.6
KfPR9UGRzcAFbFiAHDoDfqxLNRqFxRdkkyoxWY4ripeqoExqJKyKMSseC8NTx6uHxCiMB97JuyEE9DmF6VxqhyG,[object Object],2025-05-21T12:28:46.000Z,48,8,17,42,177,122,Partial Exit (Win),0.05,9.65
2vxTqcTCu3j1eGTNnLNgZLFZxQuNkxj6ri8imFtN7yswx54WS7SrLdHDwf4eswcK5yek32iowwej6ZbnBYjuqriY,[object Object],2025-05-21T12:28:46.000Z,49,6,11,97,296,0,Partial Exit (Win),0.05,9.700000000000001
3sVXsH4nezbiUdvHQ41114NZ2nKzm9kWYijF7zS9BKNSAEkKUAJakToR8gjpSQhSDsiPFU9jCff3i2RKSDL9Q9o8,[object Object],2025-05-21T12:28:46.000Z,74,0,25,76,338,274,Skipped,0,9.700000000000001
3y6hRto5HCJFMwZGVeGfsjQUDz4baGDr5MyvHz35azHcAtXsXWYkb6bcfBb6c76VzYydyFXdZuY1i57GKEdJG8Di,[object Object],2025-05-21T12:28:46.000Z,77,4,26,29,62,19,Skipped,0,9.700000000000001
Xe3SU3PGHMqugTe5sbH1ZkHJNDaJDtwQr4AvouHzmnjqJg2AL4wXc1i3Ned1H8k1dz4CiDnA4P3vEUy25SUU3D7,[object Object],2025-05-21T12:28:46.000Z,55,7,17,74,173,147,Partial Exit (Win),0.05,9.750000000000002
2Uw9TKsXqMiCvhqTNRuBy8bKdM6WhJAiMEcoFgmMVXMoQFKtQVt4LHmN28BQo5cUVhXiSKovwtsRAqFekH6AxL3Z,[object Object],2025-05-21T12:28:46.000Z,42,3,27,0,235,156,Skipped,0,9.750000000000002
483MVj6LDfFNdgHQ183eTvTbKF6QoQaHTjMbbUHGzkTDeKcqvGTh34kAemKH9TfLSo7NhUyMZuZKfzdqKhCP61cL,[object Object],2025-05-21T12:28:46.000Z,68,7,23,60,402,124,Moonshot (Win),0.2,9.950000000000001
2HVafzdM8UwGe3cfCgGu6W21TuoeVfnFDSpkrD5YYMY8sB8Vmh4u7JourxngNSm9TC2dUNfgQQXnb9XGuBoVxssP,[object Object],2025-05-21T12:28:46.000Z,28,2,16,38,277,297,Skipped,0,9.950000000000001
3s7Z2YtfyhHC1utremfL4m7LABmAuwc3ZkYjDNWeNCiKmwAZ6s4uWTLyXPqkkcDwxpkGmqVjjtJEMqjptkkiMzPx,[object Object],2025-05-21T12:28:46.000Z,86,4,16,12,312,259,Skipped,0,9.950000000000001
4zMEwdaqUySkUtXco4SBuxBsCCvYK4GwJp8jyPdVKPRvSufu4GXy7PH6rt6Z1vDgcarbQBEm5zFJt8dFZf1DgoFC,[object Object],2025-05-21T12:28:46.000Z,51,1,8,96,294,105,Skipped,0,9.950000000000001
4YRyWZmMUqRpEDkbvGdY7Gp8FMjt1EGrGessjFD2Xdq3esbWpkGjqTw2jBcxXLQqbphAphvRNzDv28fHvnoSYtui,[object Object],2025-05-21T12:28:46.000Z,96,3,24,91,79,239,Skipped,0,9.950000000000001
3x9T5fZrjmCecYbMc2ncbbEHtFVjz174cf8D59E188kMxgg4beC4dnHFvzjQQrk6mYRQ9QoEStXVgi1S4hbyCmDn,[object Object],2025-05-21T12:28:46.000Z,37,7,17,3,116,0,Partial Exit (Win),0.05,10.000000000000002
4zoav4KavwtT94zWDBbW4RTEyXZMJzHyuBvKoCM2dTbTZVgzhozKDeqcv7ppWqqZXmHVe2NSaoxMotftbaqYfvGM,[object Object],2025-05-21T12:28:46.000Z,54,5,22,46,323,80,Moonshot (Win),0.2,10.200000000000001
32X18fmqWoiwCNc8jyBFuwesHCN82RhLybJpGVTn6u5JiePj2qWRmQfuXUggvrFhhFF9aheNoZYtWzRu7iKwBV3y,[object Object],2025-05-21T12:28:46.000Z,89,8,24,17,467,175,Moonshot (Win),0.2,10.4
2b5yKm3k5qcGkuMjuJMNdHFHdbJh95dHvayH4wBzZLPBbEUjyHht28gegkukjwSq5cmCaQ6kSdhMYmgjLQfJgLrW,[object Object],2025-05-21T12:28:46.000Z,78,0,14,11,452,208,Skipped,0,10.4
2vLu6Sm6EcZYsqBjsobrPUrMy1kwzqvBDnKL4dhafWHYp1e8oPkmcXYv4BLzmkVEvkntL9oqVdfLhkyXy7pxJN1T,[object Object],2025-05-21T12:28:46.000Z,62,5,19,6,202,36,Partial Exit (Win),0.05,10.450000000000001
2pN2TbYbSp47itoXpS7SP8BCLAns5GPogLjJpAMxvQFCUiBXxXAgaGxNQHcuy7k7yXjGCQdnmJ6WPCovPBQ3cLT1,[object Object],2025-05-21T12:28:46.000Z,34,5,8,42,476,52,Partial Exit (Win),0.05,10.500000000000002
2cbU78Zovm97zwzXpMAmBb22RnB9m9cfzJoJY9L7upfmvSBMQLLEt5RJ8apaBe2ksUZsg3ArNcUBkhK1McGNyAxc,[object Object],2025-05-21T12:28:46.000Z,53,9,10,79,192,199,Partial Exit (Win),0.05,10.550000000000002
5HvDE6WEuNFbEHs7trnW8iaSZmSYAKqpk8rKyCHeWM7Jv7P8rSe1CYqAX3iKbMMJf3M1RFMRzQzyrDgeMVvuhdwS,[object Object],2025-05-21T12:28:46.000Z,29,3,13,63,333,286,Skipped,0,10.550000000000002
3a39ZsD9soBsJY8YiQqoczXEtN3SfRvK4LFSd9Lsj4TyiA2sWk9yuXg1xriFVxw5Qh2VctRGz8m6Ld1umU6H7fg5,[object Object],2025-05-21T12:28:46.000Z,56,2,3,17,1,73,Skipped,0,10.550000000000002
2SnYxziBMQ64Hyyyht8A99csxkJavqLokA6n3YPNsPXkRK4913mGF239ZzbHNXJZXtDLV4jEeGutXDaVW7veitv4,[object Object],2025-05-21T12:28:46.000Z,53,9,25,44,232,48,Partial Exit (Win),0.05,10.600000000000003
4gPRELe47jprABXKceZjxMGBSZnVSkyzqwFgQUUPEARNwZJ1sa1HKtVaLyXbMZ7w6vbeY9EAnFS5Z5Sf1hWxfvTw,[object Object],2025-05-21T12:28:46.000Z,34,5,8,43,221,272,Moonshot (Win),0.2,10.800000000000002
279Fj4A3CaVzaRwUq2KjdR6guMkHdksAT5ZKbvNkA7HkVtrddVjdKwN5gchQkCE5wJyZi5Z7q95m4cLD9VRKbpP7,[object Object],2025-05-21T12:28:46.000Z,94,6,27,52,297,127,Moonshot (Win),0.2,11.000000000000002
5cC6Jqr4e71xwwo1x1rSH42FNzLNYnPhgbYuS2UcGi1w5sPvQAKRY7YGtWUjECSf6wzQvLE1pUmoFXarPvYybZ1H,[object Object],2025-05-21T12:28:46.000Z,88,8,21,83,214,62,Moonshot (Win),0.2,11.200000000000001
52ncrPEC9biSP3KmAbSUdwU8me1yKVCSg6nEFj3rYkKChSHdknn6on8XkkBkdeDUg3x2AxMKx4FZzr2KEqVrvph9,[object Object],2025-05-21T12:28:46.000Z,44,8,16,21,438,231,Moonshot (Win),0.2,11.4
65pYgtBSvStFD4LFatRM8HshuKKuECt4FJjKcg4C53FS5WWthpeJUKYbkC213pZYkSCkqRHfurJwG4ovuJzrtfbU,[object Object],2025-05-21T12:28:46.000Z,79,9,26,3,343,269,Moonshot (Win),0.2,11.6
3uJ1QLcvchKkSogkkB9HndBqdrebzczZCkEw6stmw779WAM5xp3AFkDv99DewveJWbyHrnAcYmdwB8rBg4aZowZV,[object Object],2025-05-21T12:28:46.000Z,17,0,12,31,262,284,Skipped,0,11.6
5ZoCF1kPS8U1SejcocoqZHow6fFPS23utFX9558mgmyUEit3rZ8kjUrRp9YJWcehELMh4kEa9cdBiamZGjSADMzw,[object Object],2025-05-21T12:28:46.000Z,22,7,13,53,105,63,Partial Exit (Win),0.05,11.65
3dgVGYmFdWa2HU74Lo1U2u3TxE9U8oMec7v6BuUc1BqF3SQM4HgwEcVCZt3dxZYQNF11Pafb4Ewsy2U6FNzUWkkb,[object Object],2025-05-21T12:28:46.000Z,37,5,11,31,159,15,Partial Exit (Win),0.05,11.700000000000001
2dLGLKEhGXUAamn474otjFjwmfj2Ee5aKJiVP3r2BVos3hZRXGvABRcDzEAGWofFF8MyPR5J2X8Pvmaro9tHbeou,[object Object],2025-05-21T12:28:46.000Z,12,4,5,53,62,67,Skipped,0,11.700000000000001
3PfJBL9hiukJzj725knGwq7o25Kh6DK6QpsM3DkXMa63ouXcsoswJu2xQkK78MyH8CVb5RJPxCcGextkGwtTBYtE,[object Object],2025-05-21T12:28:46.000Z,43,0,12,97,28,214,Skipped,0,11.700000000000001
26a5ZFneqyyyPNeJM3mUJyTGcwDGAunfJqMFRf7wDkrX7GHkKJ5dSdYyJt9G5EkRqKqUkYZmFJfcVr9Fbh4AKowD,[object Object],2025-05-21T12:28:46.000Z,52,2,9,47,226,114,Skipped,0,11.700000000000001
2AgWSL4ybaz5Jt8W7AZR76NeRXrhMqVSnw9mWwgWGS1jYLi6K8YN1rxHBfo1bCPLq2GrMMhM1B3cioaevwBdpLCC,[object Object],2025-05-21T12:28:46.000Z,77,4,15,90,367,47,Skipped,0,11.700000000000001
3eBy5UMRLL3TeDMY5CYSYShMuxf7RAsvbZ8SGwEJMvGi5rjxKtFsTD2mB5sysDpL9NbjQBbt8zQ7mWGgv3cZq1xk,[object Object],2025-05-21T12:28:46.000Z,30,9,21,53,211,132,Moonshot (Win),0.2,11.9
3mVmHStLr6cgPZ1akoeJsbGoWrXUmCpv3yzrEFqouHpYNA3KUYT5zquMVbBgP4hjGawQf6CoSUmnkxKy5C32fsTY,[object Object],2025-05-21T12:28:46.000Z,32,2,23,78,162,68,Skipped,0,11.9
339giboqcuFbia73BoshztWPbhkPofKKpdoqY3TKKPyhCBFnh7nZP4fAUBg6JzEwcnVjAa8pEUoJYDqraHSPvcng,[object Object],2025-05-21T12:28:46.000Z,95,3,11,60,9,148,Skipped,0,11.9
5cEFXWkXb4drEYWqqDihgB6krVw1aFydSDAVraRHFhRx22oo9vzpeaxJtbrg3MUKE6GMYNYRdiLfnd47Bp4DoRmg,[object Object],2025-05-21T12:28:46.000Z,66,9,1,47,255,235,Moonshot (Win),0.2,12.1
3aKTpL2THVFG475amgpyFyux86szBTJP4vGRXf1QAxsu8wi8uZnzpZs3xY1QSvSNJTAkSXmcay6vUrrZq4kuGNX9,[object Object],2025-05-21T12:28:46.000Z,17,6,9,92,487,247,Moonshot (Win),0.2,12.299999999999999
VwgYdieXE47yx35ytueeujiTQtkjFi3P4GTR8BvWG97sWKj94FUh2xMAQepcb3uM5coWY8xto3dwGX5tuh8Pck4,[object Object],2025-05-21T12:28:45.000Z,5,5,26,53,229,90,Moonshot (Win),0.2,12.499999999999998
qQFSz1ygeqo4B6AXHHsMfvmiyAuyZgt8z7U5B3xyaHnoBqLTXts1nTszjrQmAm6nQeBHjAcFVtVTx8kJAzrCdbN,[object Object],2025-05-21T12:28:45.000Z,27,7,0,0,290,236,Moonshot (Win),0.2,12.699999999999998
4SexLQ8fPJTfEbH7orJ3uuG7pVXw32sRemHKiCHZ4KXDg4Nm2FLzPuoeRmxSETQ5496P379ovsjFaN757DogmwZd,[object Object],2025-05-21T12:28:45.000Z,92,1,8,6,270,146,Skipped,0,12.699999999999998
4YPMFZjGvy2fsvoaYek556nG4vxn357WiNR6LpKDfAHVtZ1abdVyjxusJH5kxVAbhus62fqVgFsyheMD7kwQLWA2,[object Object],2025-05-21T12:28:45.000Z,67,9,22,27,352,17,Partial Exit (Win),0.05,12.749999999999998
7FRTVKgEscLR7Qb33BjEJekcoc2rPAEi35HznVz27w2sFt4x8wX6eeymna7ZLWuv4JwDtmGuKaexU5akynefULD,[object Object],2025-05-21T12:28:45.000Z,22,9,23,69,380,103,Moonshot (Win),0.2,12.949999999999998
2wwEu5AavkrKSZkdg28SrYvsyZwu7Jjc8DNLJZptp4XA4ZiVfJ3yh8qoZF6bn8TLgRk4jddvGRiHVGRcYDHMGsyx,[object Object],2025-05-21T12:28:45.000Z,80,5,16,38,477,125,Moonshot (Win),0.2,13.149999999999997
4dBzRRFExaTm4MDXdhGPPEmtHRnAY7AF5SdduGX4QxZaktrhkAFh8Y5boEScfQXizmGVV1R1UwXvuT2uK43SohfD,[object Object],2025-05-21T12:28:45.000Z,32,4,16,5,387,195,Skipped,0,13.149999999999997
4ZaYeGVGhpDEaQJGyunUDHLsa1UeJwNtuvrAsUtckhBu6LHaKA4Jxv46Mzftz9M4inY3MhjhgigrJePrTgXG2ncf,[object Object],2025-05-21T12:28:45.000Z,32,8,8,87,499,42,Partial Exit (Win),0.05,13.199999999999998
362RU3ecaLZeCUhbxhqTyY6QC18X8WxFshkhALrXeGVSAxTtZxBrwietduqcBfjEdakB8NqH2WxiyQ7JdmxnWBT6,[object Object],2025-05-21T12:28:45.000Z,51,0,18,85,50,246,Skipped,0,13.199999999999998
5uraqzgSs9w5jWaf5TqMfM2qfD9YRhpJGa9gKDoCgYNxqN7tRnvuGc4VLF96iZEvXtqrhjgHMU2na1dEo9sFug6i,[object Object],2025-05-21T12:28:45.000Z,54,2,14,39,158,92,Skipped,0,13.199999999999998
3hAigUD7zZRuhkNAeW4TpMn6hES4cCmDDPgtyWzzNPQzNZKtfUeVwUAUkzeAGfrTZ9SNUQD1RphwEeUiM1E3xD7Y,[object Object],2025-05-21T12:28:45.000Z,17,6,8,36,485,208,Moonshot (Win),0.2,13.399999999999997
2Y2c1NReykSb9h8KcoLoizKXAsHCLmxXktmXe1J74Pejs14Tu22swsJWk9pDgntZr6rcMhk41k96EUMiUBrbzcLY,[object Object],2025-05-21T12:28:45.000Z,71,8,9,38,52,70,Partial Exit (Win),0.05,13.449999999999998
5VeBDYToaoZnatzx6juZvqUS7p6wpdScWQKux8tfGEXVJb16VzrpMj23zv8CMZfeTMt22hAzMtZd1Py5ZiDj5oVr,[object Object],2025-05-21T12:28:45.000Z,5,3,20,10,72,144,Skipped,0,13.449999999999998
2RiRbpQnXvMAw9qdv6zFJhuFPkJQEjVke5kNoh6iNN3X1Rc3WNd1hnfchjgNgASokz9YdJcXYV68tn6hoG3haxRp,[object Object],2025-05-21T12:28:45.000Z,28,2,24,72,45,44,Skipped,0,13.449999999999998
3z2NDxzR1VtEmA1wNmoUxr2i5tj99beDiRYCRhsmsJE3MHqvQWkHoc1aNUpKyJBSHqio8puwU8NK7CysEzKD8ojx,[object Object],2025-05-21T12:28:45.000Z,33,0,12,26,155,72,Skipped,0,13.449999999999998
5SPZeWNYNuhRWA5VDgDpJijRfMaF5zMWkXyqqdX9rGWjfFfnYTcrnqmsngiMQvXQAgJJUhxmQinM9GVsAQYrpZLn,[object Object],2025-05-21T12:28:45.000Z,65,4,28,86,27,277,Skipped,0,13.449999999999998
GAG9KMNkpmizYrVNvZtfXGgCuXHrLfwPTp5m5FK45ZiEW2XzE56Yzjsc81FJ2sNUW3bS5RYGbEZozr7esKCEwoA,[object Object],2025-05-21T12:28:45.000Z,22,7,29,50,214,11,Partial Exit (Win),0.05,13.499999999999998
38CtdST4DamZM8f9pU1A7aMDwiXKCAq3jKSm3jproN175tKga8gL7sPxCrGsZ7m3eJMcAph38wcYP81FbeH9hMn5,[object Object],2025-05-21T12:28:45.000Z,88,4,2,98,337,260,Skipped,0,13.499999999999998
4y3rjpHP778YjdYQpfkuGYDKAFsHGVBWbgfrFt4ccjGw2kreDogN8etjSXYxY1LxM6ojfnp4NqWcRjL69vWmsFr8,[object Object],2025-05-21T12:28:45.000Z,59,5,25,37,224,265,Moonshot (Win),0.2,13.699999999999998
5BuYaPaX1MS4TLhgrnjQVGmhZBCKjUjc8tshVgvhaCeXsibKLmGm4N3jaHkibA4nRUAWr82WpJASkANCTpfsuDoj,[object Object],2025-05-21T12:28:45.000Z,51,2,9,35,205,20,Skipped,0,13.699999999999998
54QUMsdM7WY89va77HWdx3ZDmxkKeY3QrruaMKP67zJtpaZSbtokw4ySU3SDhfbmdDAjM4bMAcRVWMRad47v7DjK,[object Object],2025-05-21T12:28:45.000Z,92,2,8,85,344,125,Skipped,0,13.699999999999998
5PE8ey8c6zjth9YwHrwYx9YBob5raiPts3N5RZdxKkA1og2WfZHNHzQQT66sfPSm4Gm8737JFYb3Byn1DHj6UCHF,[object Object],2025-05-21T12:28:45.000Z,20,2,24,68,14,262,Skipped,0,13.699999999999998
3HyhJiZeCpLr2KmefNtWFfruCKrfWiZCxFDxdZs7yBWsKMiMNywN6nvVng6Pi5AF3pde15qwyCXkwce9g4qoj82i,[object Object],2025-05-21T12:28:45.000Z,74,8,11,61,104,154,Partial Exit (Win),0.05,13.749999999999998
2GgrAus1YHSLgjJSY8U4mDvKMbXX3jfmWfnu4DXNQVEt6zCKAkBRXqAypB4EYR1iiL7c3y5UtdN1TmkLpfmD8T17,[object Object],2025-05-21T12:28:45.000Z,26,6,24,50,490,0,Partial Exit (Win),0.05,13.799999999999999
SUrtLJGDRBD8cjpH6sCjxG7DwDhWZsCsznHZvxcyvsQMrYG8ciFyQobBB9bYox3XUQvTLGgGy9UorDWCFfRdwoV,[object Object],2025-05-21T12:28:45.000Z,80,1,13,86,396,77,Skipped,0,13.799999999999999
4UUc6JyYNTeW95VwNpPLZfxsqh2CfU6DYH2dnRefbW8f4K7zjCJkzPSG6UMqeeMWc4bd9udM4UeoFdQtWpqFTHf2,[object Object],2025-05-21T12:28:45.000Z,21,8,3,86,460,102,Moonshot (Win),0.2,13.999999999999998
2wWwCV3gz3qEkFPoVb52981LMZqxsvSpqymPQ3sK2uWiCscm4dbiNgWryp5vdPRKB71LsuGDxcViDe2fcxkpDBat,[object Object],2025-05-21T12:28:45.000Z,89,0,27,67,123,252,Skipped,0,13.999999999999998
2GbfXMSUzkUbdQJfskpG3u9u9X7dcnyk6hHF4x17FmWTdJfMGseaXHTLh8uWh5rfaJQ4YsDmm3NGayx6yh4DkAnt,[object Object],2025-05-21T12:28:45.000Z,47,8,7,84,157,66,Partial Exit (Win),0.05,14.049999999999999
4TXrcXeXYCviwuEK1eB6z74nbFUVgb8QbqZh6VKRcNpQQsmcJfSPJPndxaKfgHCio7kkLKfjcf8LWQSoT6kuE5cY,[object Object],2025-05-21T12:28:45.000Z,84,7,0,95,273,254,Moonshot (Win),0.2,14.249999999999998
4ejbyRRjXzMavZzDnbmqjrnHs3MnaghMrthd9udUxGyjEb8WWQAUNfgvmLL8taVZuJ9swjqciTrUfMqjxcz2fkzu,[object Object],2025-05-21T12:28:45.000Z,65,8,15,18,130,216,Partial Exit (Win),0.05,14.299999999999999
TZDHRvTxP91oiD33jVopebANruQL6iycgBEHhqE65B73swAVWHDZvRWhY9ipFYEEQYXrSEmr6bm2SnGxioK4BoZ,[object Object],2025-05-21T12:28:45.000Z,89,3,25,74,371,208,Skipped,0,14.299999999999999
3NYencUbTarT2Qf737bX9kK88aYrUEwFK3whyGdRUMi1iSSUdtcJnxsSdHwXt8G1giinnyv42MVL7EF6FNV8WcG3,[object Object],2025-05-21T12:28:45.000Z,65,3,5,40,128,146,Skipped,0,14.299999999999999
4DbrJckvA25USTCGeHFXKQXkbctzTDPMswkiQJ2Ek84JtSRKEVXijxqKgSTJSK7oBcqakVzWDWqda6gJHxcZqWbT,[object Object],2025-05-21T12:28:45.000Z,71,2,19,67,150,119,Skipped,0,14.299999999999999
25Ht2z2zXcdRq7xPAbtXGPqDqbirqqBaCLb47JzZy1KT3QtqgXd4Jyak4V64wGq5ACGGifvncEWCm9U8HHvukjqk,[object Object],2025-05-21T12:28:45.000Z,72,1,19,46,336,288,Skipped,0,14.299999999999999
3ZzSgPs2oAEp5WemBCn19Vi55iBH3qHY89Jj3dtsCyv1hVDstieGan9RH6QVtbP1sQH8fZiyWFW7Jyn3sjiMWQJ6,[object Object],2025-05-21T12:28:45.000Z,34,1,26,84,362,113,Skipped,0,14.299999999999999
XBgDsV2oMY978apJHvowtqhkyvrK5kS8TEGb3QYXFcLCynfnwQoVpRLTSkj9w3vAtFzv1ziRTZd9Qe567qDEYXM,[object Object],2025-05-21T12:28:45.000Z,51,3,8,96,192,128,Skipped,0,14.299999999999999
37qFwKMCNnwKVfWRSNkJZPGn7EvQdcUySgiy8Er4BNRYrtwbaUMts1NFCdueZVLJqPHGuBtFZcNi9wZnMF5cNFos,[object Object],2025-05-21T12:28:45.000Z,84,4,5,48,486,37,Skipped,0,14.299999999999999
4BwtkLvE13PoFhWaStHTuS1pFs51TyHYpKMyKL3cnrAFUp1fHko4UfjypQHXVBMh2rg2uqqrND5HZ3MYnQz92uKX,[object Object],2025-05-21T12:28:45.000Z,21,4,13,4,310,169,Skipped,0,14.299999999999999
63z4UsKRHuxKM8iNC9SqdstE5vMWaeRuMiURW5SoP1FPCPMiPDPrMfJth4Fb6HRV9GxcyCnMnhGWqg28JXfHzQPd,[object Object],2025-05-21T12:28:45.000Z,68,3,17,66,41,207,Skipped,0,14.299999999999999
3kRzPu1MtgDVdvPD9bhESJ4rtWj8mxxFrGFG1wqASwQMxaFkucvLuEQnvsh4Ueoim8qGkN7puMhY2JwRXFCizdzy,[object Object],2025-05-21T12:28:45.000Z,65,5,18,59,220,212,Moonshot (Win),0.2,14.499999999999998
4m8221jgNppWdgJEqqJ5RNTNLtQB6cA9qpy6cTu58NWMNxKFfPXHTCBq16tALS6iJMjUN1PJtkTJn7a7jFBS8EHd,[object Object],2025-05-21T12:28:45.000Z,93,8,25,79,327,146,Moonshot (Win),0.2,14.699999999999998
cCGu6HxkD9anx8xotaj21uUmgYKUM2DXbyyWS7d1QDLL9CBD67heWDzQRa8vjQpV9MwDS4sxmeawrj3mMQwZwtc,[object Object],2025-05-21T12:28:45.000Z,40,0,27,37,291,252,Skipped,0,14.699999999999998
26fdz77HVYQefmwVivMkKS9kpx5pPn2REBLBQpB5oVKrvY3cKeekpRGSywHZF4RLXRhGgsVzL7FY6rVRGCXVhujy,[object Object],2025-05-21T12:28:45.000Z,67,6,9,4,279,17,Partial Exit (Win),0.05,14.749999999999998
4bg3MzER3AQCfhidrJDAncNBuCKYev9JJkK7xavoKi5Qhr6QjyzZdoNEuDU7uQp43bBSHmbNoEaW4vTxRMEmymdF,[object Object],2025-05-21T12:28:45.000Z,32,2,24,82,93,113,Skipped,0,14.749999999999998
5tLJ6cVuxeWGmeQj8WwNvWhstBrQYZesiXzRdmgdq923mSjmRugCUDiapv5YpnRitDEN9dyX65DCkUEzRXAeM9BG,[object Object],2025-05-21T12:28:45.000Z,41,8,4,35,120,63,Partial Exit (Win),0.05,14.799999999999999
5boSK56VyXRz9a3hZ7igAPZpACqZjJXadoZQst2ahCZASx2FtM2gEnEUoo6jsZVYokxER4bA9w8dPJsnDR43kzdc,[object Object],2025-05-21T12:28:45.000Z,32,7,13,45,114,167,Partial Exit (Win),0.05,14.85
4SR6EibXzUPvFAAE9XZRyWYV2qJKUYWEWpAkgcRff5yRtqJoau2hk9c5Trij4ZfCnahUVxKyEK5m55qCfsZnjsvc,[object Object],2025-05-21T12:28:45.000Z,32,2,5,0,302,178,Skipped,0,14.85
5X8WzwcnLk4SyTZpJdfUtURtnr5V4ELR8HZViifVvbGCZDuem5SYY14sD5p28q8ahKBoAJSuFvboGB5mZf8JpwF1,[object Object],2025-05-21T12:28:45.000Z,77,4,19,89,41,258,Skipped,0,14.85
5H3Ru5X28DcrVFiBdHhKNG7Whd73aqQC1r9SwFTCyZNyD1WEwWaeqpJN5jjoYDeJi2Ub8YUfnNiBoTDhLrzhQ3Z2,[object Object],2025-05-21T12:28:45.000Z,83,8,11,82,187,60,Partial Exit (Win),0.05,14.9
3YMKUjskLo4qkhZWKZcQzFKTviV672NuLcvVEqL4LTAEG311XWLrmShcA7RTEAe8dw2V8VvtjzcGWX1KgWugmQrX,[object Object],2025-05-21T12:28:45.000Z,94,9,25,48,100,183,Partial Exit (Win),0.05,14.950000000000001
3PmPe2jF19sQtuHc5Cetm7uF5k7oxmijhhMtV7mu7DZUGfXQxpFXuLjXqBCxDvxG7bzjEkeLEnyfhu6rjmgEaH2r,[object Object],2025-05-21T12:28:44.000Z,75,4,21,14,232,161,Skipped,0,14.950000000000001
2A1AinHH8U28rZEsf7ktLK9j4Ku8c4QAprgTm5wxNMEpHuVi5ZTNS75vSeRNVB6E6jmHAAHhRCmQKkKuRsvKu9A2,[object Object],2025-05-21T12:28:44.000Z,27,1,22,59,286,61,Skipped,0,14.950000000000001
3q7BhCoJPXRAzGnEZakhSxQQdLf3daorDs752bATg8Sqd67VnBsvo1TnqQ7VYcv9gygJ7wVR7j8R4g7eu8nzk14p,[object Object],2025-05-21T12:28:44.000Z,38,0,2,3,269,267,Skipped,0,14.950000000000001
2ff8cTVsPce8v9G1EKzwrUfvFsgvf6ibaNq4etHPGo9HYZxfALB1iPepKiocJPU6QdEE4kL9N6Vet6nqKs9uVtMt,[object Object],2025-05-21T12:28:44.000Z,70,9,25,64,286,76,Moonshot (Win),0.2,15.15
4twSpUKFo62HrucoRq5mZVceTPc65BKVcqECaGNFT28vrCMDmzmAuHW9NGe3fV1w6YWufoLZDugLanGqB4NfbUHE,[object Object],2025-05-21T12:28:44.000Z,44,1,25,58,274,211,Skipped,0,15.15
5cfXTEP8fHD37iVPf6unG2h9ECZA2TYudsqfvPbXq1sU9LizCkJt38AqXaVDTVemprjEVgWy6k8YFeMx6CLpUj93,[object Object],2025-05-21T12:28:44.000Z,37,4,28,3,375,101,Skipped,0,15.15
5Zs8RuoqG5RHoDppme4xKxXiragwi2gWQM3Ueq1rrKnsX88CYo3zGCzZgVYZqX3RNPYxG3jrAuYw7vWMgTZgLyHY,[object Object],2025-05-21T12:28:44.000Z,18,1,20,79,268,252,Skipped,0,15.15
673eVd5kUiBHgJmqZb2z2ckv3v3f2gqmRSzv3HntnTe23urGEjLXhtGUNxwkWJwH1Fbk1xMkzeTboS1LMJS5yV1r,[object Object],2025-05-21T12:28:44.000Z,60,9,7,39,247,98,Moonshot (Win),0.2,15.35
4sEa73q8g5bbZQqinCUKyv6xKv5qS9K6hBNoqc95yPHUjH9Nqsrcdcj8jCvBcAcZc8zs7TjjT7hAeY2iAE7mTT1E,[object Object],2025-05-21T12:28:44.000Z,98,1,7,89,0,65,Skipped,0,15.35
yBEnAywdRjwkd3uTVnNWHzwjhGBNkrEAYNrQuM4agm92evuQT98JehJzjs2JDzYQp5ceyfqrurxCYzGugb5voEL,[object Object],2025-05-21T12:28:44.000Z,44,1,11,35,443,170,Skipped,0,15.35
2ZcKZardHZhLsR3rdgJGQxS3D2g69ief6c1aRMUdSNzop7iH2xagGdnAfMmq3Jf1kbxo2fAUGP5ZoCgLznD9eSut,[object Object],2025-05-21T12:28:44.000Z,35,2,15,49,102,183,Skipped,0,15.35
2JYXg8HzK8F2RXkcm7YExzFUuhc7Ztuisfbx1NavkDLZjTd7w4Ur8iAB3fsrVFMi1TG4cyMSmAK6K2dx3qg58BgR,[object Object],2025-05-21T12:28:44.000Z,74,9,3,43,355,59,Partial Exit (Win),0.05,15.4
EgHtM1XsK8jhRAmLsWf2zFiGn3JxSh9tSm3PRWH7TFFRCzeHLBG9HpCEAmy3Tm8NLn1xTQGs88MSn2CtWciXxVD,[object Object],2025-05-21T12:28:44.000Z,26,7,12,13,415,170,Moonshot (Win),0.2,15.6
uiKsr5pWp5orpvJxRMRi9hT5UhULVBsZUjYZq6Cn6CMuV9DM8tB6nfBKjecHqpcMwa5ozbg5AcSTH3g1BhMKhkL,[object Object],2025-05-21T12:28:44.000Z,88,3,0,78,374,54,Skipped,0,15.6
ZcCEsjZs1S6ncJsbkK5hLYerdv6kGqtHTKT24UR8pW3NaWatpbQmLdmMrNvFNTQNRKoDEwhHE6q7614cdcWW8Ky,[object Object],2025-05-21T12:28:44.000Z,68,5,13,73,282,125,Moonshot (Win),0.2,15.799999999999999
3vjMVwfEYNWgCjCHbkiAmfiiFXddio4mXoDqyMXG6aCuhVMaRpXDGrPcDxYFwL1CABn889LDsWiMqxvhJBZFCfzm,[object Object],2025-05-21T12:28:44.000Z,18,4,12,58,250,224,Skipped,0,15.799999999999999
4j336TvcjwbXSuSfGKYeabuTNMSQDEAySnwFwNSJZXZMkZvcZ7SGNiZa4dQ6gV5atPXqD94SYJPBM8ut9wdBmkRJ,[object Object],2025-05-21T12:28:44.000Z,99,5,22,48,11,279,Partial Exit (Win),0.05,15.85
3FVCSEi93mUcpscC7jNk7mxUsqXC8cwNR4XfGHDJU7SysNW78kXVFnt55f6VXJQt9mKPvyQbJtfXDg5q2ub1Vj9n,[object Object],2025-05-21T12:28:44.000Z,23,9,22,51,162,231,Partial Exit (Win),0.05,15.9
wnMWY4GLGZVCW6re8zS59avUR7Ugwk3cfUjzANHz27rtdn3ACcsCoxLPnpxwzj5u5MUEKe2uYAdUMqmbDTAwRZi,[object Object],2025-05-21T12:28:44.000Z,1,0,8,0,143,130,Skipped,0,15.9
5qUjeCczrqgCX2is5s3sZBpyt6CFxSCkzA6ysQKBb1xkD6PC8XJF3xtf26Y47SPNEf1j8LT8hubemgN6S1hfZCMG,[object Object],2025-05-21T12:28:44.000Z,45,3,25,38,96,33,Skipped,0,15.9
3MRDXDsNiw7jBjKwMmvYnJCJ2mHb4hyLpwKaeBoY9dX6u8Kp942i3xDN4ooYPqwddnCHRrs9hTSf3GFWm4q1H9WU,[object Object],2025-05-21T12:28:44.000Z,90,9,0,93,407,294,Moonshot (Win),0.2,16.1
4FZJq64Cc1hN2NPknpYSchPYXqmLoRBaocV9kJQdSNP2TKyPEkjEgnuGA9EMLjAUKeXeEApJgJM6cGrVqz1KtVyM,[object Object],2025-05-21T12:28:44.000Z,96,3,9,43,103,129,Skipped,0,16.1
62vnk2cEy1j7wnmcm5broQ79tBdM5S5ajNAsAaiMv2sqEuk14Mrujrm4wABo25VKGw1nnihCxL1iufbsyJxGrKFM,[object Object],2025-05-21T12:28:44.000Z,72,4,4,98,435,140,Skipped,0,16.1
2Hv7w1qMcVg1idkv6D1kLZNh5xZHAyG3QX4bJkjSjGkaoFTSbMFbYvmcRN7Bvo8xNhrZnBPqaCccwukJxmxfGyVt,[object Object],2025-05-21T12:28:44.000Z,30,1,14,10,206,142,Skipped,0,16.1
2noCx7DXjS6eg25sX1T6XPzHMKC15uSst77dNtgMDHJ4497BsACmGNiry9H43ABQqifvkZKtKWK3JHCi5xLjgdCZ,[object Object],2025-05-21T12:28:44.000Z,92,5,26,35,483,212,Moonshot (Win),0.2,16.3
W33yyKou8uGqwvdJDKy49XZZ4cNa1Ku3EWWKCuUMJtYthKE3LQzo51WitDQpgFYMSXRX192hJfSbWYLX4bYGbgg,[object Object],2025-05-21T12:28:44.000Z,62,2,6,39,354,122,Skipped,0,16.3
2PNj2umXzhWhtybSK46mX4jthYYpe4JrK9TrU6JhHYdLWTj2FANLxSmLnem88Fp9yw6s9KWGdeVyJaLY2LQgqQrc,[object Object],2025-05-21T12:28:44.000Z,97,9,18,53,72,226,Partial Exit (Win),0.05,16.35
5qGWoXCxxFmkjLSXHmZ9R9NgTunGLzyCdBdF6kHcYF2ZopKpWwxVKqFosqsX97Lg15vpmheJTzV7zA1CqKNng4ck,[object Object],2025-05-21T12:28:44.000Z,93,2,2,64,346,30,Skipped,0,16.35
4k87uqXzgX9tidEb9FuF4GFgV6FegNZtADMCYVesDxq2p5dRcCtM9xKcU3qAfzeUx4B3b38BMUojuQMYoELdQDQi,[object Object],2025-05-21T12:28:44.000Z,8,0,5,91,469,131,Skipped,0,16.35
3KxeyT3H4Kw35X32gw7QFY3dSHmaKnpbVsaC15N3BA1eE7idVBS83ipVbWRFYkwxjoNKmCFU6WMSbeLKzqxRe5nY,[object Object],2025-05-21T12:28:44.000Z,54,0,9,53,389,49,Skipped,0,16.35
2Ymv46ixkgzaTFFURkxuUerFgqEJfzn73Fc7CDkYZGogShgpDjpnDXoTJS4CwyuxQ5vkstSFzbMro7f3McghGMwB,[object Object],2025-05-21T12:28:44.000Z,94,8,20,92,492,10,Partial Exit (Win),0.05,16.400000000000002
54fYd8xP49KUJAGbCquUw1kLdnqxzVmMGfNzBNBtNuufi2ZzjgskRWNReetUACk7Sg4n3cENquCAdQFVJaKvLZFT,[object Object],2025-05-21T12:28:44.000Z,54,3,25,20,118,63,Skipped,0,16.400000000000002
3CXVQDcbvhHhT16CqyTYqS3cci1tb7zBQB8H3nHFZSGtAtvRgz8M8w57R4yku5p4Wbpkaz69PqeYgrw14wA7i8je,[object Object],2025-05-21T12:28:44.000Z,80,6,28,84,456,11,Partial Exit (Win),0.05,16.450000000000003
4gjHza9dfUHgXF5YoypSoCYRjcNnk7XEqssXrLuAefX8BgDZyFNnea48H2MzNSESpZY4cRGkNuDuZLkQE6Sjofsh,[object Object],2025-05-21T12:28:44.000Z,2,3,6,32,181,157,Skipped,0,16.450000000000003
2xMBpRL8MwsWhJgmaJcB176cqHZe9z3sqPHRDTopA745hdj3Tp8vN1UnhsETjtZfVwP6aeziSupfJdQQpHY4sYyU,[object Object],2025-05-21T12:28:44.000Z,58,4,14,42,176,115,Skipped,0,16.450000000000003
5i7qb41648epTiTyYp4JALaRpcC8JnhzYNALi7RWAArf3VuvXwkZmLET3TYgHkRJR24egSMTDWW4TttUpMDh9Zpc,[object Object],2025-05-21T12:28:44.000Z,59,8,9,88,86,135,Partial Exit (Win),0.05,16.500000000000004
pgk6VzgUJ2uMBdkRqpx2ETbUrRhLNhMoUqGFqDvHRqyySarZfHBttLRaXXvNhxor6KFYUMCQosSmMAU7WrBDr4V,[object Object],2025-05-21T12:28:44.000Z,56,4,21,31,358,235,Skipped,0,16.500000000000004
g3JmvjGufmzdBAwGo7SZyxMryM5R1Xz6GBs7E46GCf21yHvnZWDtwybGRh32pjcFFC7uo2RafAo9R4WyztqEnCF,[object Object],2025-05-21T12:28:44.000Z,51,6,1,81,175,89,Partial Exit (Win),0.05,16.550000000000004
4zfxCLeWzvvN82TZFLRPYDR2A54SjhG6xzdbVxAmD5hGkQ3ukMBeFU3cY2SVa1EfWueTmt2n2CWGhk81dsbzRJCS,[object Object],2025-05-21T12:28:44.000Z,92,8,2,83,445,291,Moonshot (Win),0.2,16.750000000000004
2KmHaXvVjpza1dx1hWPhTKo2uU98gzVFj6dfqfKDZwZZaXP3pdGzunNGMi7hVQPuvjEEPZ3eNqVeNPKnMTrWbhF2,[object Object],2025-05-21T12:28:44.000Z,90,8,16,94,1,143,Partial Exit (Win),0.05,16.800000000000004
4rh8JCVTduehU83nozPGGmoqvfS2F4tYfAbjDMQGr16sbaM2WF5R46XMakejTo3t96z9TASn7TpXqGmje8qDknTU,[object Object],2025-05-21T12:28:44.000Z,51,1,14,91,301,55,Skipped,0,16.800000000000004
5qexC9czdf9eo2pM6ZgFZ6ujzsw4rWLzWofeaqCwsJpdn2iKB75efqXpr3AbTbULbj8b1zLA3c32mW9YbHNYddUi,[object Object],2025-05-21T12:28:44.000Z,36,4,25,96,483,105,Skipped,0,16.800000000000004
4ETdmPQRo4xnHx5mJHmQCErGTFeyahW9GEva4aigB35dUuGhXEdsuR77u1aps1aFPb6hsAZjn1DYUqeF7AZvweSp,[object Object],2025-05-21T12:28:44.000Z,49,7,15,71,130,257,Partial Exit (Win),0.05,16.850000000000005
267b12FiJLLDt58bBC9A1RZvGybmoEr4tXothEWSaTWNQet1N11gWxFTVjrLL2fENDs3US6Wqg2a6pYJtoy885Dq,[object Object],2025-05-21T12:28:44.000Z,89,8,22,56,442,149,Moonshot (Win),0.2,17.050000000000004
645YgnkTYd1JfsZX6nkcY1XFwvW6xCLx28iqCKNivWMubGExWPhTJq9qZmSm3N5c49VvSBzbPi1byFb86DBed1wW,[object Object],2025-05-21T12:28:44.000Z,84,3,27,16,239,282,Skipped,0,17.050000000000004
3eQUXjMSR9DPz1uteaPAHLUgXutQELrCZ2XtnPdkjtikbeX8FKhDnbHRhyfshyYWXW7ZAkZ63iUoNTAjX2t1JZfd,[object Object],2025-05-21T12:28:44.000Z,83,2,4,4,254,259,Skipped,0,17.050000000000004
32yzFTUdB5gLtdCRCGy5eWHtYTNWCxUPWjaByHGKxz4k17YWYkj3sCciRanmVJGP6BSJM1R4Jo6kRccawJ7hKnnj,[object Object],2025-05-21T12:28:44.000Z,3,9,7,34,406,134,Moonshot (Win),0.2,17.250000000000004
3FnDmGLTEYY6AgZK57ee7Vg67jiK9Era79FC3J2YRngYetFL3UqSWJaAiwbovRm3EZz3rg7npc6hgAxEw2e4uXKB,[object Object],2025-05-21T12:28:44.000Z,19,6,3,94,140,60,Partial Exit (Win),0.05,17.300000000000004
zEBrLqkixwwpKJYwBqXquv3ymWudSMzSGjhA21hNfky5cpCM66KoMktBeof1jPJ3jwQiv46Rm1w27jT18FjzJon,[object Object],2025-05-21T12:28:44.000Z,82,4,5,82,499,93,Skipped,0,17.300000000000004
2MLRr1dRUCUJtr9pM7o7VXVH5hNhokZFjbyKZUyKcDJZgzQS33BfrS9ApDwzSxMkVc22MawffBGVHchuJx3jvAs7,[object Object],2025-05-21T12:28:44.000Z,26,3,19,73,76,184,Skipped,0,17.300000000000004
384Xb6h3EXbmvrdbMoDr4acqr4N8QJLCCcrbHdwPQvDbw7UtB9VMujprk4HzKttQgmoqE2pBqUMzjct6j2MMHw9U,[object Object],2025-05-21T12:28:44.000Z,78,9,25,1,144,224,Partial Exit (Win),0.05,17.350000000000005
3kpmj9CCJw7HAWyM4EBVGsZqa8QP6sjBReJG7ngRdyirPyZ4XLien3epZ5fC9YBCH17pfMCqBKzXbQFECdmzckm1,[object Object],2025-05-21T12:28:44.000Z,50,5,29,84,30,111,Partial Exit (Win),0.05,17.400000000000006
5EgG96wyd2cgsWuRL3DWsPcZh1xYyTUk2JZgyFohR7iBisgKrNXukDbcz8xSU2G4nYQPx14J6f6Yf2uV3ygPVJ3L,[object Object],2025-05-21T12:28:44.000Z,30,1,28,99,55,68,Skipped,0,17.400000000000006
2YJAX8nQELUJYACc3KrwzXX9VGBAHHCPNMYLj3iB2wGq7tsRdigtxycpHUhzzuLsLoynMv9JbZ3bo95qPyziAa4S,[object Object],2025-05-21T12:28:44.000Z,31,4,27,79,154,282,Skipped,0,17.400000000000006
n8Ah9BLt35ScPXGUzBm8rAjdLR9TTYA5HMTASXejvHhaddA5gpuo52vpzMvGeUDT3UZgLkpcCB2KP8vYkbcW61c,[object Object],2025-05-21T12:28:44.000Z,55,3,18,23,125,199,Skipped,0,17.400000000000006
2ERCHg7F4fXcnYikyHu7rBa17jBK9BGGmNja5gjkeFkRwUxH27EkCkzDn2FH9LsSGjobCFE5K6hoXGNs3AfJH2wW,[object Object],2025-05-21T12:28:44.000Z,91,8,9,37,5,291,Partial Exit (Win),0.05,17.450000000000006
3t26Q15XPgaHjtKDVgAo5NFqaxLeYKf2BzeJgMsrX89Yirkh9v5kKbsXW8C6adJcgNzuehCrpjjBJcYXZSSXw2fT,[object Object],2025-05-21T12:28:44.000Z,65,3,12,95,363,173,Skipped,0,17.450000000000006
4irXJ9uV2u7dRA3p6KwhMFpRayatGh5tSyQca91Qe9qf4Ksc2ttzHb5ibLbikb2HE4F9jJ7Fpa7BHfYuB7ExiBYX,[object Object],2025-05-21T12:28:44.000Z,90,6,20,29,2,153,Partial Exit (Win),0.05,17.500000000000007
2rUcVSJPb4tJTSh5GbREnYoHNfwY4HNRpHBv8iER1XV5DSC5FTKZT84VYNcM2jcUmtEdrPQCnqVtEo6SggXLQQ9o,[object Object],2025-05-21T12:28:44.000Z,75,0,3,26,438,189,Skipped,0,17.500000000000007
La4i3Yh769EgYYbRLPFD6TrMSum2dbjE6DeeGFgmtR2LgMRLauvRgiukapEz4Hzm7guLpSCqjU3ZcjmX9ZkaaxS,[object Object],2025-05-21T12:28:43.000Z,21,9,19,21,187,295,Partial Exit (Win),0.05,17.550000000000008
64QNrwU2JSTyHykLzQwFPpSG6p8uYWaBCtNbJHbDDo2pKMCRzULk41fi9g7FVnUPCZRXTf88jYxEbX4KbhA4YHvU,[object Object],2025-05-21T12:28:43.000Z,66,0,29,9,106,9,Skipped,0,17.550000000000008
5ugaz8CKnueCXZqF8Ern7UJATJRsMa9nCasBbXq4aRmfmfPHxx4jvLZmMrQHTQeS2G9UxQ2MBt7hx1V7WdiZzVqu,[object Object],2025-05-21T12:28:43.000Z,88,3,26,20,445,106,Skipped,0,17.550000000000008
5qPFqJJri3SDGfpTa2uQnLbvhEnMSZV4NH7nS6Jh6bJyz3KrkqZfVkaaFZJcc9Cd2HoXL7SzCwbRPSDUm9igoMNv,[object Object],2025-05-21T12:28:43.000Z,20,2,5,73,399,19,Skipped,0,17.550000000000008
4C6anVTJ7y3wqpyqDahc4puQFQJNB4fSTA3GmuaA9UYrw1vT4sNA24pMJodZhvf5QFDdyyRS87EPm9MVnXMqdT6b,[object Object],2025-05-21T12:28:43.000Z,95,3,17,79,456,296,Skipped,0,17.550000000000008
5cCMuaSbS5WG2KzqLyLBkvKgQWK6VskwfutVA6WkudzXiJnWsVvp1yPa9BkXfaDhetmMKvZ9F2E5tiKTEVg7WFi3,[object Object],2025-05-21T12:28:43.000Z,63,1,20,25,51,139,Skipped,0,17.550000000000008
4PDiFtEZg2R3BHWPAfoia7XtacnLBn8PZsaAJXzWy9JizHVLJdMjr9XkaDm5n1y8ChM4X7uvhFYanXnmKHNvCMvA,[object Object],2025-05-21T12:28:43.000Z,76,1,3,85,355,31,Skipped,0,17.550000000000008
y5rWybR6KadiDDieWapkXusaS3tV5KswbrkVqLM3v14uW6VEc52nXNkMV4c8G7Zf3wKkBGZKoWZV5qX2Gm68nek,[object Object],2025-05-21T12:28:43.000Z,11,0,9,81,43,56,Skipped,0,17.550000000000008
3bAgnauXacSaB2hdaXwumiqLWE8LMqgPnXRNKXhpk5grN7mQFtatHi4wpgCBxdm2YJoE8kgVcimpcgnjS4yLzHeF,[object Object],2025-05-21T12:28:43.000Z,26,1,20,22,395,279,Skipped,0,17.550000000000008
4SfP7iqbc2AKyvqoR9HeYkTdvzGSf7vo8mFneL5G5XKu1iok71LskNxLLVPaDj4JzVHhuaq5nh9ivh2Ays2bg2GZ,[object Object],2025-05-21T12:28:43.000Z,50,0,25,7,378,4,Skipped,0,17.550000000000008
3W1otxd4vHt7CJZ6M9FBtRaUv9rvBiwGKPKxGbDV7ZJk9GwTe9BFKBkXUkwB6cwa5gNJVVWxnLC8Vy6PkY2B7omi,[object Object],2025-05-21T12:28:43.000Z,54,1,27,75,39,153,Skipped,0,17.550000000000008
4CTGQNJQETBv6CH1r9b8tt4SdLpkh9UAdVHHuzkxKCiLCcFzzjZ9NuwQGkWUkKPJTRjrxqbcDPeGDccZ6HAidcya,[object Object],2025-05-21T12:28:43.000Z,9,2,27,0,404,87,Skipped,0,17.550000000000008
4gjhWVjhrcTq9YkTCrJQHJ9mmdVSYRmgrUedDudLGWhFLnMZUpJnnB48wxzinrPhdmwk2GUw83oVXUpfgqFfmjCg,[object Object],2025-05-21T12:28:43.000Z,63,7,10,34,489,66,Moonshot (Win),0.2,17.750000000000007
2GqqwSnR3rJ4JRVq9NXTZkecDQnGs3PPa5XtjzEDoTxGEKf1viNM3YpanXDKQ9Nmng2S1APJeMJLsyBe3WFPbn5M,[object Object],2025-05-21T12:28:43.000Z,1,9,20,21,223,294,Moonshot (Win),0.2,17.950000000000006
2ekXeZMvCw7BKau9QyaQDSLiDUMWxbjb6Xho1ZchF471oUahAfsc6NquTLcjKS2UvN7CY7VDncxXjv61fWzkT5DS,[object Object],2025-05-21T12:28:43.000Z,36,5,10,65,192,89,Partial Exit (Win),0.05,18.000000000000007
6ETgWLG2JCnbT7FDmjsRD9qArEDbjgMUB6GBjSAEHT2HGL55cWLL2tY8hkFTvyvxwRRoUKrC8MBcWZ2vjWX3oQ8,[object Object],2025-05-21T12:28:43.000Z,34,1,10,65,483,207,Skipped,0,18.000000000000007
EHXtUnLZQDDLQCpUrgMH4miBrZpnegNprSx11y9TaGzyqCUMQvDnDSmgYJNn2wncpgg1h452yT6aP8q3ULQLwLR,[object Object],2025-05-21T12:28:43.000Z,35,2,10,92,468,127,Skipped,0,18.000000000000007
4xxUamgjeHcUzUnmx29HZwaLcXYQ3gSMptdiXGb58WKuJpDFabQ45oqMgrJuMmmobwCDAcyhjwG7ktRbcSk2XXny,[object Object],2025-05-21T12:28:43.000Z,83,4,14,39,309,176,Skipped,0,18.000000000000007
4XZaSc7g7h8ur7tUttenm2UFXbmGU7u4Q9HjcYB4ZXnKADAEgt1pnTyn4XVvJqk4C1XDJoVxvVgvcARoxJ1vwLgC,[object Object],2025-05-21T12:28:43.000Z,64,0,2,71,403,228,Skipped,0,18.000000000000007
4oGZv2vb1wCM8vFSAz4QdPNrkGYfJuDsN1RZvJkfyhpyXr8GuMc3Q4ZabGnTw1cjJd3vWjt5VShVrYNjh85qoFor,[object Object],2025-05-21T12:28:43.000Z,0,4,18,49,42,270,Skipped,0,18.000000000000007
KusRtBCbkMf94yGN7UGnhDJZ8Cx4q9n7kVPiBMgqP6GTV3Min3MQXBkBAXG4jWdLLgsxQrL7R9KHjor4XWANF5x,[object Object],2025-05-21T12:28:43.000Z,40,5,29,49,270,274,Moonshot (Win),0.2,18.200000000000006
4k4Yzxg9F4tGSnVCN2iZENEBzTRFjdyQDSRYxvj4tycjgAkMo4f1RXFDPXyhNNC2L6hGBuzUDbXvgJ5SYNpo2Vbw,[object Object],2025-05-21T12:28:43.000Z,51,8,19,59,126,102,Partial Exit (Win),0.05,18.250000000000007
4Mn5T3GFxo7KzyUypZkTHfBVAkAeaZDYtmhRkRWvCHqFtJjT7U9ovJ2NyhkfqoFkdXD1V3w7AtT1xUbhJooWMg9C,[object Object],2025-05-21T12:28:42.000Z,93,2,21,24,37,27,Skipped,0,18.250000000000007
4EVYgx1epV8eVZtFe9yueRhvhH9XHhvMyhJnsxGKtSQqoXVSPDRf6ZpKXYbYNu3Gxc3ZTYyW6v3ifiUrUbJsFyUL,[object Object],2025-05-21T12:28:42.000Z,30,8,25,92,408,218,Moonshot (Win),0.2,18.450000000000006
4NMwyKtA58jYpr7FeUV9azTaw7mtxAuQZAhW5Rc4FQJWH8rrqu2z47cpSgyzDK3x4qwSVau367MfPSjxNGqsr62R,[object Object],2025-05-21T12:28:42.000Z,44,0,20,19,346,4,Skipped,0,18.450000000000006
2Lze1sSdJRenhjS6821Qyw5hKQxXDFx9ppXmWEh2B7QDAm4NLqSDtvk1a8CVJzoN986fti8aeci7nNeAG77PWDth,[object Object],2025-05-21T12:28:42.000Z,65,0,22,99,376,118,Skipped,0,18.450000000000006
2QuddLzagYArU463UEat1toX5BW43Fxg4Kgz99fX1VmRxnSaW7TvPR5nDDThMHpyTcdYeycuW56o4ZLmXcJnr76r,[object Object],2025-05-21T12:28:42.000Z,36,9,11,58,120,73,Partial Exit (Win),0.05,18.500000000000007
5SwoiAhKi296mkbVeun9d2WMjATyWo1x5jEDik3TEu3kBi8o7gGAY8as845ttsQp6M7oFBni4qezp1Vp7bPEKAT5,[object Object],2025-05-21T12:28:42.000Z,38,4,6,32,386,214,Skipped,0,18.500000000000007
5biWBj34hq4qLDBbzgo9fiUizhDAbLRg4156ELysnYQBDTncB4RACNWwvK8Mcc1uVL94ZgV2YxXCXzRqdQxZ6FYX,[object Object],2025-05-21T12:28:42.000Z,63,6,29,23,407,198,Moonshot (Win),0.2,18.700000000000006
5FjtpLrcs3yRC5RENLHmP84RvuRt75ER16ZFZir3iYBxBoqScn5CaBw2oAiiXueDHkzxN6mkEnDG4sChdujjcFMi,[object Object],2025-05-21T12:28:42.000Z,79,4,12,12,227,95,Skipped,0,18.700000000000006
3XXBSZDmtJwoDFXm4RVLnxNQR4vc7A9ywogeRuiC6TNQj7GKbaSWzQzxpbsEYv3uXzDanxASf4geitQFSDQDdmjF,[object Object],2025-05-21T12:28:42.000Z,94,5,20,5,38,89,Partial Exit (Win),0.05,18.750000000000007
3JYALJgzwLASWthqX3PDBgV3LWq41dV85M4WQbUMrPPbQsgg2nuxtWGMkmZYvmEgT4RSJdTHuzc7YDiAuWMwcPs7,[object Object],2025-05-21T12:28:42.000Z,6,5,5,49,380,70,Moonshot (Win),0.2,18.950000000000006
2AbGaRJL5neD1vWAUXXnhYp7KQrLUoW73si1zaH5cEbCu1tonHdKgH5WtjYrovLF3JuJRPp5YTrrKTctTXLzN5rZ,[object Object],2025-05-21T12:28:42.000Z,87,7,22,37,277,147,Moonshot (Win),0.2,19.150000000000006
2wuLZTp6ny36iAdHZLKh1ggw61cR3ftnRUdweGuysy38AVSpZWPgFzkaiMmmE8RTPWJdpa3QJ75oxSTcWAMd6vQG,[object Object],2025-05-21T12:28:42.000Z,28,7,12,19,105,182,Partial Exit (Win),0.05,19.200000000000006
5YaSW1sqc2FXJvi6VnMs9HCpoJ1EFiVirM45UXysBZUVy88TLBzRf9N4G9zguCrPwRd8DFvNHSzqvnKkUqtYmWkC,[object Object],2025-05-21T12:28:42.000Z,93,2,29,85,471,1,Skipped,0,19.200000000000006
YFKbvUBjpakRMigpMqPvPgAFU3LaQmesZixofFZTqTj4gF5s7cFDLtBxdCSa8o49wHtYBWfidKDW8o3c3gjsJXC,[object Object],2025-05-21T12:28:42.000Z,91,7,11,31,99,216,Partial Exit (Win),0.05,19.250000000000007
2mFEoY4zs9V81ksSrAWV6cBFgc6K5c5bAQDznfcGYv3UhP4kmwq7LBt9tDQ72ZfmWm2WybshzJvaJSADNNFFUVLt,[object Object],2025-05-21T12:28:42.000Z,49,4,19,29,192,138,Skipped,0,19.250000000000007
JMB5YcMSDBeq2RoW9xBpRe2z1UaPw1bM8LR1M1LwnrB9uRyoKVdY4VjK6w3yVGZQUbvmrMkKPyV6avEQriCQS4i,[object Object],2025-05-21T12:28:42.000Z,65,1,8,5,300,234,Skipped,0,19.250000000000007
2i9EJKjgVPyLsYrh7unFiKBrG4Js2H9q8iV6C8B3kdfM4BruQwZ6i1M95JeK6HpAtMDAsVBkubC7kZgn6zMk7q77,[object Object],2025-05-21T12:28:42.000Z,89,2,17,39,145,83,Skipped,0,19.250000000000007
3P4tiPSF1SWmCpxpL5M839QWipNvzs14TMkfQcsVvxJhLKnXBwKG9BMYVMzBEQVSVM6aFoHWYs49oKjQ9hNYr2UF,[object Object],2025-05-21T12:28:42.000Z,64,3,14,98,262,203,Skipped,0,19.250000000000007
DU8pwWybjRxYQ624d9c6TXEj9SDhFd12VuakiDZKiDhjDGRLxtfNCoRFr7GiNsvswVRagguViMALjxMSw1fKN9T,[object Object],2025-05-21T12:28:42.000Z,95,7,21,9,369,91,Moonshot (Win),0.2,19.450000000000006
s37W4uggf4BEZsjCWK48e9zU7N5Q5ngMt5bVgNV2S9xme51iVdBDXqVnB67dAkburroETGqCECk2bxVcbxpxqe5,[object Object],2025-05-21T12:28:42.000Z,82,7,24,53,396,207,Moonshot (Win),0.2,19.650000000000006
28zhx3fT47ZBjZfSB7Pn6JthcpLqoPRYW2QhLiFqRJoear9t6KZxJ3WYeb6uHsBeFgrbjqTQDS5GjUZGjgbKHDpN,[object Object],2025-05-21T12:28:42.000Z,3,5,0,17,400,158,Moonshot (Win),0.2,19.850000000000005
4PcdAHyKpxb7bWYLPhMb3g5v9oMCBkANVfpZEeKuAAWJE7jE9mtxUq7rUCZjAr6BcBoV3EAqvwK1fnHycD2xuzi5,[object Object],2025-05-21T12:28:42.000Z,47,3,21,46,358,65,Skipped,0,19.850000000000005
2p325QxX7nnU2bNexw8ugQwSyc8bEFcXPQYvzjVWTdxRHQKYN5TgqM3RvPGdim26NteAoM2XMxLaa2mAGNsUL5pd,[object Object],2025-05-21T12:28:42.000Z,80,6,3,96,317,145,Moonshot (Win),0.2,20.050000000000004
3aYch2PYxooWZKNEqFcTYZRqCyrbF4aPYjufQespCdsC87oWdpV8jxgoFZNFVcnipqMHSSLEbxtJscm7qgxvZNH1,[object Object],2025-05-21T12:28:42.000Z,12,0,3,81,315,76,Skipped,0,20.050000000000004
3Bfeq4SZj8H1YS5KBn2p9M25uJzRCzKujoRz4NjpYQEgvbYpvHjWhdPa2WtFFw421gpXBEkEZCmrtZqRPrwKCK3u,[object Object],2025-05-21T12:28:42.000Z,72,7,20,76,42,92,Partial Exit (Win),0.05,20.100000000000005
5PQAD6U74GhcQifNwGQ3vFXtftyQ1PPs25Z2hpFqxcPjRDGLHVuhPX8p1JPHbSkGugprCefCSpxvoPCYT6mLQGs9,[object Object],2025-05-21T12:28:42.000Z,40,0,4,95,304,123,Skipped,0,20.100000000000005
tKPAio5MyBaR8rpbZb7iA1fza3r5jvUhjuVDx9aA4Dti8BCmo3MVDt6WccpavtXTd8ESBee6TjTyz7TPUppFTr3,[object Object],2025-05-21T12:28:42.000Z,35,1,0,41,405,209,Skipped,0,20.100000000000005
5cropuVUDV23L4TczY7pWyub1f7y5ah4rkz4ck8eLLdGB45WYxaRh1Ub35fA2JMePzgFSQRsoQYxFaHJ3mgyRSgK,[object Object],2025-05-21T12:28:42.000Z,42,9,28,47,376,5,Partial Exit (Win),0.05,20.150000000000006
5JMsfZVU9o423Lwuk9VZ5CFkBfSVMPtwsPSSgh2dcxyRK8yyVQ53eDziNyAh9arzuzJSbTtFTjp9FP1qDw3ceAzd,[object Object],2025-05-21T12:28:42.000Z,74,1,10,18,321,257,Skipped,0,20.150000000000006
126fVNKawMYfM4Emsq2uypT1hV77SGX8y4Q6V967SfoHRua2mT5AP8KP1y5aqNCPTFhJngqEfQijLANWo18uZHPh,[object Object],2025-05-21T12:28:42.000Z,67,7,19,6,421,283,Moonshot (Win),0.2,20.350000000000005
49D173cSbLyuZjFN59h8kwhicLsxv3WmJKeAwLHfmz8HKX9w7s3M7x2DMLbsYTsxBhsJq9XkJGy35andY4k2Ct5F,[object Object],2025-05-21T12:28:42.000Z,79,6,27,9,107,83,Partial Exit (Win),0.05,20.400000000000006
38sgSBsSZb8k5W88qEYCLztXQm4arqkGsNwQaFwtiPUCKtZKJ9e5qJFvpbi9S9YTu1oArrKSJsihEdX7tZDmimWZ,[object Object],2025-05-21T12:28:41.000Z,84,6,3,55,178,92,Partial Exit (Win),0.05,20.450000000000006
5gF1drja5AujM2rBaCwe3thuSAL6mFhdZTvuDgsaCjQkQxAgU6s4yL9bu3cMwE3db5BoFBjbcSx5hE7C3ask94dB,[object Object],2025-05-21T12:28:41.000Z,71,3,9,44,15,120,Skipped,0,20.450000000000006
52XUhVUFd4cSkXMUfBCH4EUWAaptCNbvxb1D25GX2hEETFPfT7mvX7YqwDyw9J2itJj75MKd7Tf5qvnm55mHUmKH,[object Object],2025-05-21T12:28:41.000Z,67,3,25,25,365,164,Skipped,0,20.450000000000006
wYmLsp77uHbezXA8SC9GJJ1SP1w8PFek55myjPdMV2eq29AjgDyhHKDk57GMTLWJGGraj4QbGr6RkQUsU6nkSmb,[object Object],2025-05-21T12:28:41.000Z,80,1,9,59,441,67,Skipped,0,20.450000000000006
2RCmnV8tAidnHrHDYo54trmqCndFZ8r8fY8opch6DvW64RujzzLgGsr1sWyGgf2ACfNJdw3qQFeE1SeY2VntVYoE,[object Object],2025-05-21T12:28:41.000Z,30,3,10,15,45,251,Skipped,0,20.450000000000006
3BRJxAHD51aQKttNuWTMRS4X7jhJjTdrKmf4zcyTc1jQxeTzxdZRmXMynquPCWW8XysE4nMzyqHfA1zdrYozdNka,[object Object],2025-05-21T12:28:41.000Z,15,4,7,60,194,121,Skipped,0,20.450000000000006
5g9TAdoy1r7GNbKRFqZiiZ8Kho7Tv873dzF1ucxTa1tKDgLPqywuTfx6711ko2Zxyg6CbTok1qH3sjKBSrqVD4Ap,[object Object],2025-05-21T12:28:41.000Z,38,6,3,10,130,276,Partial Exit (Win),0.05,20.500000000000007
3hp1DGcjwsPiGMbQKYmeTESfvSjScUZURwiLhXVMQA4SYm8fLT2ia7p3HfyAvGemTdQLjewxoFHd3Mr7Zu6gD7U,[object Object],2025-05-21T12:28:41.000Z,3,6,8,12,186,84,Partial Exit (Win),0.05,20.550000000000008
pM54Pbr9apvaA4Lf87KSSKcR4H9bNaw8DyESPx6NZhn3RxqX21fDVdKuKPuFiC3ekUGvdtTaUcTiNDHRHtqpSrj,[object Object],2025-05-21T12:28:41.000Z,18,3,27,39,163,203,Skipped,0,20.550000000000008
4SxaXJmK9cnGcXF1qzYrGnRS8bBZnC2KeJt7rwixRGhKrm1PHoZmBfndqUeNF4EaDW9jc6UqoC9aF5d6NeMEd9Pz,[object Object],2025-05-21T12:28:41.000Z,71,1,9,76,120,296,Skipped,0,20.550000000000008
4gWzdgkFup7Q19QTx2Py2Eb51f7qSQzCCBWDq31b45RS31F1yufSvwWxrvvKhQsWXmLZff3tfoW2hSERMR4mTATq,[object Object],2025-05-21T12:28:41.000Z,87,9,18,45,392,62,Moonshot (Win),0.2,20.750000000000007
VrXxjQQRg5oWCgqKr8XWXvFEfSwgjQF4mAX8j5JwqEmj8VMQKvCkPKcB4aKhMSdGJhp69DLhnpS75J4aCByCnJY,[object Object],2025-05-21T12:28:41.000Z,45,9,21,15,479,164,Moonshot (Win),0.2,20.950000000000006
vH3HoUDCL2zfKBrLB423kTXzh3D5y1YErDGNQRRJmRAhkc1QLtvyHRF7p3reL6qUxxhHwRfpNrwhv8JR6S8DZFk,[object Object],2025-05-21T12:28:41.000Z,84,8,13,65,275,0,Partial Exit (Win),0.05,21.000000000000007
EgmcBviARi2Yd2rrmHrvk7Lej2Lj1U451mq9UBtrBt7puHhK7KiV14ZL7e3JLSo253N7SkqtpsBibbqLZXQxC6Q,[object Object],2025-05-21T12:28:41.000Z,63,4,13,29,107,126,Skipped,0,21.000000000000007
4o4A6F71jutgk1wJYyeh9RH46MJThmthty7au4BywRWnWS4AeR3cUv5JJvuHkXSm1Zqg2b6mfZzQtkXgBuSuMvGh,[object Object],2025-05-21T12:28:41.000Z,28,9,11,26,88,108,Partial Exit (Win),0.05,21.050000000000008
384QV95qeRaPhDZj4xEjcnNTaYLXbQNfCpLy7fMsFkExqTpzpN8L6j6V8jVLphopkGhjxQSP7JwFPdnLno59EDZG,[object Object],2025-05-21T12:28:41.000Z,32,4,0,72,179,8,Skipped,0,21.050000000000008
5RxTGKkyfc7TnJWQ8SMndg4Ve4vpzVLbARcAXRxESt7mMgZk2v3wbnuQNa3m4HB4bqbnbJf66vF8rdt46ovDsijQ,[object Object],2025-05-21T12:28:41.000Z,67,8,24,67,233,81,Moonshot (Win),0.2,21.250000000000007
4rafAv9mZBDrnZccU91tyeqyYzoUViXdJRkFgLhDdn23UJzmq3hqtrGsHSV9EupfCNqGWRwksEkfCDCfECQzdkd2,[object Object],2025-05-21T12:28:41.000Z,43,1,16,24,163,296,Skipped,0,21.250000000000007
53VaikAQz4XyiYSpwmKZNoFjnpN9Tz2QbWSecwAdpR51fmydyTFrnPF6yhbbPDKTx7P7PHUE3sChAVdpAaaG8STr,[object Object],2025-05-21T12:28:41.000Z,81,3,21,41,167,234,Skipped,0,21.250000000000007
4pMzvh8FF5n3cZ39eG4UhMghw7zkJz9J8NSLpVa2un825YzpoVzH8nybLdCn9nNgCzPxTAzCQkFF1AM4h3kqeLUU,[object Object],2025-05-21T12:28:41.000Z,0,7,23,28,345,286,Moonshot (Win),0.2,21.450000000000006
4kcPnvRbw7ApRX7LZ2Vivs9mdxRBesQ6sBHHaFxPh4E77deZnDQcmuSgrdP7tEaWLV7pnLySjfA3DGTm2xSiV2vH,[object Object],2025-05-21T12:28:41.000Z,65,8,14,18,123,82,Partial Exit (Win),0.05,21.500000000000007
4GoZRyjrGz9TE73QYa5DNeHv8DBvzsZtscZQ7V4XWxz8dv1y4c8ApPT1XkST7kW3CyVASnc1eUGBpAayYndDw7Wn,[object Object],2025-05-21T12:28:41.000Z,13,8,26,90,396,191,Moonshot (Win),0.2,21.700000000000006
5PtL9cjDcCC2AMcN7aJUmWxfeXwXknDYguMeDJqUW5AfJDNpYtxs7asbidCZ7GVWiwfLn8K7JTfyBJ37yk4kTc8Z,[object Object],2025-05-21T12:28:41.000Z,85,4,19,13,138,202,Skipped,0,21.700000000000006
4BM25PVD4DQxA2Qn4JZJW25sp2kfMY4YYeUTiZ8Q8GppvF7k2eWkVvd77Z9kYiiP61rC75cC8JYU9tyjWC5RFLT8,[object Object],2025-05-21T12:28:41.000Z,20,9,21,46,279,95,Moonshot (Win),0.2,21.900000000000006
4AXUjZXHuDK7vd8xhVzFPAcWDsE4juWBEzYgkwDHmSKUAozhmVwFNiPyZHU23EoR2YZv8gb6oq2e8d7LKf8GJv5n,[object Object],2025-05-21T12:28:41.000Z,18,3,15,13,499,254,Skipped,0,21.900000000000006
YE8HdhcuWvE4zJRwbtt4KqP5LduEvVbGXM3Y7uRP6uFAwfcGZLVAnqjNnHGFpmTE2TWVDHKPNpUFwPA6P6cSRVX,[object Object],2025-05-21T12:28:41.000Z,23,9,22,71,265,9,Partial Exit (Win),0.05,21.950000000000006
2WWLHDT3n2p7cyMfPFPyscbvuoeb6Qqtz4qikvThwRPJUM4GubDJLisBBMd3AaZDWgkGtiLQU6ekUgrE52CbCkv9,[object Object],2025-05-21T12:28:41.000Z,83,1,16,49,422,69,Skipped,0,21.950000000000006
4s7oAd3RgL9qP1LRxb2L7ZNk1Ufwj69qwGwGCaw7tyYKttdcbzGEkiEaSsHnJEV4Bs4o4BuUVMova76frLopjWRB,[object Object],2025-05-21T12:28:41.000Z,3,1,29,58,78,263,Skipped,0,21.950000000000006
r6eUSHgZSdDYfjx11wEB4wSmMwoSwDJYmMfSXUDaTQKUpUyb99gr6cvx2pUd8KX2uLASQGAiC6uZo479RHX7QzL,[object Object],2025-05-21T12:28:41.000Z,26,8,13,15,198,72,Partial Exit (Win),0.05,22.000000000000007
5t1wsgeaT5dBf2wcr3YXoTJ59SaqBgi1kQELLAtZQrZLeYwtn96NgXZECCfP7dPH3LbQnw7pgT44k8Spobsogi7n,[object Object],2025-05-21T12:28:41.000Z,54,0,28,25,13,261,Skipped,0,22.000000000000007
5g3Hh53qh3mZGFrtjjM3JWKGFtQXMuxLhGiuWc71cqBxinUWADz2QkdEuxczZW4VCHk1TurJvNgzcH1bgxVeXBbo,[object Object],2025-05-21T12:28:41.000Z,65,9,29,40,315,211,Moonshot (Win),0.2,22.200000000000006
3iR4ynuJPttASd2wCswbX8mpASY5Kw4JB1sTsRvUymSeBEn6xWeqpQ4fakumjo3qgGC1Fg8MQek8Cpz4Ng2KRr2e,[object Object],2025-05-21T12:28:40.000Z,79,6,26,10,316,291,Moonshot (Win),0.2,22.400000000000006
5viRyiCPjFMicDdnKhGG214N9h1NqMPGfb1wW1PAPdXfRwVMipMJujgxnwLgVVXtT1ZoW5MKwYsaXeV17gMGprtH,[object Object],2025-05-21T12:28:40.000Z,37,5,26,7,255,30,Partial Exit (Win),0.05,22.450000000000006
soQVT4dsz6oyqyicUj9qh7bAUxCqZuuzgtNYCCZz7wTGtZ5QanXHTyiEHD2N1NZ87sKsZzfUAKU7AVRbACrtetQ,[object Object],2025-05-21T12:28:40.000Z,67,3,20,23,30,250,Skipped,0,22.450000000000006
2hXy9QPCb86yKKGDKNwdPKFSS3K8CrpeG362gia7oReFeAPQr1voJfwqPAbtu6wNRuqFtnwL4vzSqSHdr7EEE1qu,[object Object],2025-05-21T12:28:40.000Z,47,7,6,41,93,39,Partial Exit (Win),0.05,22.500000000000007
3ZowoLxHQ5rpbortP4mwrNQydAUKan5dFVVG56HNokommppQv8Vh6HKUQCxJMNBJpD7MGgRqnzXZErKBe1a5DZwB,[object Object],2025-05-21T12:28:40.000Z,0,0,23,1,208,123,Skipped,0,22.500000000000007
3dpiqeaR8eXGvYmjqzvsvUqPDnNYSFyxP4Xh3Y5CyN21d9bGfTzjPj2Cv17uTxsUBWE3MS9nzTkKoxW11cVWC8nF,[object Object],2025-05-21T12:28:40.000Z,69,0,24,89,420,54,Skipped,0,22.500000000000007
DXZfSXVGRQTsyvTMC8JY7DMB7f69FBpqbTV4qxbqGDq2JZTiVcaEbwbbHLAJ9PCCXpRf66AgxQJtU6mPYc6FyET,[object Object],2025-05-21T12:28:40.000Z,12,1,21,24,296,146,Skipped,0,22.500000000000007
3wgmwz8YU798yZVgg4ZUa4QsBbQ3pArNHMhJMemVG3t4L7iRyqiWUhkGLDXTgXAmjzi3Ehhb2uR5QKJsNbHp3rgH,[object Object],2025-05-21T12:28:40.000Z,14,2,17,76,212,27,Skipped,0,22.500000000000007
4WR6gRykwcJi1Z4VoY2LQ1XrSRcrFa8PVBjwiMrGeCdqXGsUqSSCX36cRwA2JnskxzhgZeZkmDrXegqRcRmzyEq7,[object Object],2025-05-21T12:28:40.000Z,66,8,3,4,355,239,Moonshot (Win),0.2,22.700000000000006
2oVref7WzCfXBbmijEmmEmXBJuHFhSbrkbsyT4QGgz4vNc9hV5WNExmdSkmNkRTRk8y2bq4K6qo1dSnG1ANwVdg9,[object Object],2025-05-21T12:28:40.000Z,66,1,4,24,398,160,Skipped,0,22.700000000000006
Dira3qM58pZ2vz2H1Hrpq49bwakgmhi78o5TBk8wRBS3XTw9VPfctLqhQEzrQEEGq4BSEXGCRZNW2KL3FPErmcv,[object Object],2025-05-21T12:28:40.000Z,12,3,3,59,453,90,Skipped,0,22.700000000000006
3sXuAhDsq82BMc8VqnbqdLEmgv6E6dx9DsdPKMe7hBTBqPn2WAe9G6rqVMJZ7HotaBDZmB8jHCZWyHpRwWDaZT81,[object Object],2025-05-21T12:28:40.000Z,96,4,15,64,342,56,Skipped,0,22.700000000000006
4J1JAX9DBDn17QeVuRegBrGiQn5mPdJAjKHa7K5Xp8Wu9toXjczBoTKfGK5fHgTAhfRLAa9xoJVebKyAFyeEN1kR,[object Object],2025-05-21T12:28:40.000Z,11,7,3,97,434,192,Moonshot (Win),0.2,22.900000000000006
21mhMcmXf74fTDRj21T3L5DCwWvqqXM9mnVYRcT1Xsnt9LF6CAcTgSQDk4X6PnUzdCDd2G6fsJ4BZH3rUECFMTD4,[object Object],2025-05-21T12:28:40.000Z,89,7,21,43,403,104,Moonshot (Win),0.2,23.100000000000005
4PzPycwyzGFdVM9WQ7i8MCMCCgWjgh1zP12vXshcDTDLmUkdAqVGDXYMvmWXdzNxWGfXF4GMQ1cg86CsNnzYYejj,[object Object],2025-05-21T12:28:40.000Z,92,3,15,54,130,293,Skipped,0,23.100000000000005
1M6SeGHEHVwjtnAwUWiT9o7mgHUxytW3t2j8VmqFrx33ESzw8WDS8QavYCLJMKKgtGtaiNpJF6gEfghKju3CmE7,[object Object],2025-05-21T12:28:40.000Z,88,8,4,72,442,118,Moonshot (Win),0.2,23.300000000000004
KDJ1KdYQoGvvbdSxVXrBarCXRgXJJ3scr6dSUBXHdQCJkVN3QK3QYE49PaHmPUX7ghZFhk4mwEFvrTTJoWwFPUg,[object Object],2025-05-21T12:28:40.000Z,64,2,27,40,492,194,Skipped,0,23.300000000000004
41x6358anDbq3XzpX3R8f9L6RsVHwEu26XFgMgtvRNN7txctpK8BbwA63EeXaSX6nkhn2Y1sec2K8A56XggPUzF,[object Object],2025-05-21T12:28:40.000Z,14,4,28,32,28,96,Skipped,0,23.300000000000004
hpWtmsSdpqxNKs2vej1TpgmsPHUoiFnfNyu8U8eSxLfas66Ws4C8g4oS4dnsXoZRDub6uoTNb1dfhc33HzMVkHb,[object Object],2025-05-21T12:28:40.000Z,17,4,2,61,305,224,Skipped,0,23.300000000000004
zVEEqUqPqifLqtHPmBCwzsxddXcusnBTdQGUW4DGUL2M4VNzQ9xtZQK9QyVssEAzpnvPf1twrRwqdP2LZD9Zrou,[object Object],2025-05-21T12:28:40.000Z,25,7,6,13,338,103,Moonshot (Win),0.2,23.500000000000004
4hZ8jBjB54bmHFCyu7XDuhT9rsrNLBBNetXMc5ZbdmVmyMMxfYcFZjh6Mj9sEeXeEJvfNCB6rfKmMSJmG7LR4RDJ,[object Object],2025-05-21T12:28:40.000Z,6,7,15,32,323,64,Moonshot (Win),0.2,23.700000000000003
3ms4Zsn2S2QdwVN1DJvcZgm9W3ExnFTEv8NXGbpwFQqBzbYjG3PVGgjPg3vSRft7jkXjZn32HTVPs2TNsvyUWrfH,[object Object],2025-05-21T12:28:40.000Z,26,9,3,25,495,180,Moonshot (Win),0.2,23.900000000000002
3oiquwhbo6fvxEpwhxhZzg6TdyBayqRmdSenzyGtpy9WjZEQMhVMc9MbvaNTAgKZwV3Ju6R159hT3ZgcZJjnT5qv,[object Object],2025-05-21T12:28:40.000Z,21,4,21,79,442,200,Skipped,0,23.900000000000002
2czoiMJAjpqXAaFULpZ9FBEFiAmmefDMC8a7E8MmTwq5CzjtmVg8Uie1aCb3aSdFyTWQepybLSzU1LFUCca77ivR,[object Object],2025-05-21T12:28:40.000Z,33,7,11,44,32,228,Partial Exit (Win),0.05,23.950000000000003
5a6VcM1BxDSkQTLFdHTPuPkVBw8zZewkfNxAWBj5Rfr758wqwhVsuf6WkxW176yWevb3WiJB6cARLZ2oUwtVWYoM,[object Object],2025-05-21T12:28:40.000Z,35,4,10,92,194,299,Skipped,0,23.950000000000003
28aXT5qwwPwpQeP1R1LWdy7B4X4ufuSxLoskRLp6VWMSrrFVMfLpRWnqyh2oKzBCtWTvWF8sCgnVPXoHCDby8Cmt,[object Object],2025-05-21T12:28:40.000Z,64,0,19,27,330,203,Skipped,0,23.950000000000003
2N32vk24xTN3RX2ETjxdqYuh7upfbNYQWGw8UEZY7FYx6CKEcJTkZDzQrtksLBhK7BwoSverAB1twSkmcFRCsMyE,[object Object],2025-05-21T12:28:40.000Z,72,2,7,40,345,15,Skipped,0,23.950000000000003
5zNSePyJC1EfQSA1tX1F72CGSobXvpB8k7oVCDDFxSLozBy6HDfePsaUNZ6ksUuJ3X8RMED6U7tmNdrfHdhwoBTn,[object Object],2025-05-21T12:28:40.000Z,92,9,16,87,239,194,Moonshot (Win),0.2,24.150000000000002
2RxSGpy26S8ziQvoKtNVdwvtMvdfqZ2QMw7YokKHMk2NrRyGYX9qgch8mm1hmQ9ZtGn1DhkJV9pr89ayhGJZ1pcd,[object Object],2025-05-21T12:28:40.000Z,7,2,27,49,161,109,Skipped,0,24.150000000000002
2ZqWeJgrnd92xUpfRpBwdaqvtPzcrekbkeYKV3MkbgQyBeXgmzkAf83kUGJGKuesRTSie9zMCQPPFNaX4bU99RJk,[object Object],2025-05-21T12:28:40.000Z,68,2,15,41,382,116,Skipped,0,24.150000000000002
5J8DurB3xNaus7X2YgrYv5TGsBRnTSeCmRqxswSy9rSD9kAGKBNjs3jQvr6Gw4JhceYUNgAWX1Lrqt8xUqnyNsjL,[object Object],2025-05-21T12:28:40.000Z,83,9,28,96,124,288,Partial Exit (Win),0.05,24.200000000000003
5HvJWcrgeJinVY3QdUXs1HwfUguaCPou7KZdH6bdvhgVHb7NsD51ro1t3CDs3t6VbahyzQfe4nCrnQW9nw8ELUqx,[object Object],2025-05-21T12:28:40.000Z,27,6,4,3,208,112,Moonshot (Win),0.2,24.400000000000002
5JaSbyF4K7fWe13S9uFm3ZYt27Aen2Hnkm6xoz9end74UMnYynEfgKf5X9mgG8j3ESyWeVyCsCtnXnY51hDKFX9s,[object Object],2025-05-21T12:28:40.000Z,13,4,0,13,187,50,Skipped,0,24.400000000000002
tzaFj9GYDkJ3La9rkstqdw8iafEBdw9WstPkH3XsksFx43mWgS7w6D2cUNwNB4wz1tJMyKvxwL7UfsiGDCk68KX,[object Object],2025-05-21T12:28:40.000Z,91,8,13,53,351,15,Partial Exit (Win),0.05,24.450000000000003
2ZVM8BcVtePBJrxB6sUmGMiRzgSgDFkc94naZqYEfJYTSEm5K3pU97rztpUqyW5sp8SsqaNoKpWdevsxvqgJUNkn,[object Object],2025-05-21T12:28:39.000Z,62,7,10,82,93,31,Partial Exit (Win),0.05,24.500000000000004
kPYqBUHDSTs6CyGeLnccRVcrUjkpgyiZCQrhiDduF7uiEzMmXQhphva1NnjkRkFGX2H2b2n1fNRCDHDfLhTec5C,[object Object],2025-05-21T12:28:39.000Z,52,9,25,67,310,20,Partial Exit (Win),0.05,24.550000000000004
5Np78RnzwtwkkzgNaZc8jnMpJRLR1AXftLhFvRpo8iSKaWUwRNjAU6NAtjEePtwwonhbVSUbxnLyfZyzuihUd5kc,[object Object],2025-05-21T12:28:39.000Z,92,6,14,98,266,141,Moonshot (Win),0.2,24.750000000000004
2VNy3MivWX7txpyCYQpqU2vXscNmwAqQTg6vhqDyUJdoA4V2B36gBHQdZ2rYrCkXyGtcbLZzDdRYRVgWHpPqvKy7,[object Object],2025-05-21T12:28:39.000Z,95,3,4,80,70,58,Skipped,0,24.750000000000004
kFr8fFS14V3SFXFDY7HqB2qzzw4X1M6bFddfh1ZUvKCLYhDLfDu2FzMe2HfQzcSz9y3sut32snZoA9BSW9YQ8b9,[object Object],2025-05-21T12:28:39.000Z,4,0,21,88,217,22,Skipped,0,24.750000000000004
5q2w246HmkBrHChVCRqbM4MUV5wvyXFNh3MhmFTv91XELmhr1Vi4mGWxwQFD6XfFhBPjV59GQaY4NL3f1NYDNVif,[object Object],2025-05-21T12:28:39.000Z,14,8,3,56,165,46,Partial Exit (Win),0.05,24.800000000000004
4drtokZvtYbQ8CrEdpBAM7BpokBcSAUFupiiBhzT7HN4nY6sQvcR8ururs7zANsYUFqKVGtUbs42pNUuYcCHSr5t,[object Object],2025-05-21T12:28:39.000Z,23,0,24,85,131,221,Skipped,0,24.800000000000004
3AQsqHVjHhduAmakuof1YVR96JbFvmab3JiqK9wqmDXYpjpEaWk4Zwg3ZxMLF9WoyVeQSuaimcmAxphU8TPGxxP9,[object Object],2025-05-21T12:28:39.000Z,46,2,2,29,283,265,Skipped,0,24.800000000000004
3JCb2eucRsayTK1RbZPdXwbLZ38yY1NLzfAKvLCDQQJv339YyjEdsQDze1TzfYo7Wyen8ittQariL68yP34LCfBi,[object Object],2025-05-21T12:28:39.000Z,73,8,28,95,242,153,Moonshot (Win),0.2,25.000000000000004
2aZiX41x6USvRd3D1TYCgNxvCXCPos4nFYVGEn8g5SKtbLj6xiEhkJ9DKcrGkXo22QvV43Nht8kVk8EgZCHkZTJN,[object Object],2025-05-21T12:28:39.000Z,13,8,29,27,241,293,Moonshot (Win),0.2,25.200000000000003
52UMFq1fue7FzzxBcLHSt8kWMu12e5WGBHaNqCZ9USZCX4q2yH9wwLv2PwAiGYXnG5bnVrJVPkYMGUkfpP8UAibT,[object Object],2025-05-21T12:28:39.000Z,12,8,6,17,180,63,Partial Exit (Win),0.05,25.250000000000004
3LShu3aSH6P2AsEBDQoTyDkzpU7VsYtZsrscJJRyjQHFyJAZr5m4XgKKmtyVr5mdkuJekBXXbuqNjsRYD6EJVTCL,[object Object],2025-05-21T12:28:39.000Z,48,8,6,15,372,89,Moonshot (Win),0.2,25.450000000000003
1GeQdKkJvjRwpJkvoYyYpmVKM5wyKpionjxMQfsUGcKzjxs5EHD9fi4ezyPjeVsf1fnqBdSuBcetJ6muiJkwrAQ,[object Object],2025-05-21T12:28:39.000Z,87,0,4,22,155,45,Skipped,0,25.450000000000003
3oDPyJtKJz6iawBhrgR8GP4Z3TfR5XZLR9qS4obNGzGCs5GQmu9ywCVCRZCS4CBbK9ix2TvjnG8QA6MLdkfP5M8e,[object Object],2025-05-21T12:28:39.000Z,89,3,14,52,31,176,Skipped,0,25.450000000000003
dCFeWaSxLBeBFnVaUpD2kAPHj8QePu1HiL1unTYiRmttyPHcfHkGSV8pCAMe8NSs1bdj6bdCUgRNS7vqu6SaKta,[object Object],2025-05-21T12:28:39.000Z,11,9,20,80,307,241,Moonshot (Win),0.2,25.650000000000002
Tj6Dieg6cRJTmBn8Gy3yxVHxvgkMzhUPnkFSVkAABb5BArQRyKM9buYUhP84xMc8ywQP5Jc8b1G2uYf8t5RDrPB,[object Object],2025-05-21T12:28:39.000Z,29,8,21,1,95,29,Partial Exit (Win),0.05,25.700000000000003
5UWJ6CKeV7twnvewgTCSqUutYzC9DMYbTEMBnJRHHCouZNaKJq9xbFDMW9SBSBR98V8Hs9W9cWfcHjfyNqZ8VcX5,[object Object],2025-05-21T12:28:39.000Z,70,4,11,4,364,275,Skipped,0,25.700000000000003
52ZBxsT2Av1twXoDPvAMM36WfLko2jVvkwpVUQyYyV9VtfYr8atXFBoK8BRiw2mZwT9UvD8BDgtscgk2tepViQxH,[object Object],2025-05-21T12:28:39.000Z,30,4,28,78,30,230,Skipped,0,25.700000000000003
qseQfQF35st9xUkAvP4cdcXNvajHGkvuxFSta4ekZKs6SFLncT7Yto9XppwhY3zezaQCmhsi2yxCn547d2ooDaj,[object Object],2025-05-21T12:28:39.000Z,95,4,29,17,39,273,Skipped,0,25.700000000000003
3zKmae4YLtKGVrB5QtYB6cEr56Dx8usWn3aQ2tM2taZqjAMJSjgtXDBUofA4NkQsa3DZ4byw4qY7zKXU1f42ZPLy,[object Object],2025-05-21T12:28:39.000Z,82,2,23,66,372,53,Skipped,0,25.700000000000003
5bvL1eJEbmPDSkRt6Qv76FpQ3G2kh4YhzW4hLgb8MTmHGeFmEnCPSigwcAVRhT48F4ZLw7mhrnJaavTYEtxHS8Lx,[object Object],2025-05-21T12:28:39.000Z,53,3,0,18,128,249,Skipped,0,25.700000000000003
3hi2H5kYiY27tq665xEo6G9WoxcM4e7bmf6w5A3bCWT2n1k4nrz4n6qagYQUtCZ1yXnN6BHaYKoLScodn1GfGTkE,[object Object],2025-05-21T12:28:39.000Z,47,3,9,75,13,172,Skipped,0,25.700000000000003
24tUh5XB4fBLoBigTsmpqx1ZFBT1LrX8Ww9he9hZjbrWjVpTL6FkD4CHi57RfbZ17rQAw54dhm5TYsWJmnhEzHHm,[object Object],2025-05-21T12:28:39.000Z,90,1,12,50,418,8,Skipped,0,25.700000000000003
2cbsgN9w51MnaP4QBBKdXyS23LRTX35WST6A7T8NoDx5njUzjGz1oXD1S32mH657a8uxwZGurn2oRmdw1fMSEyev,[object Object],2025-05-21T12:28:39.000Z,86,9,11,92,281,290,Moonshot (Win),0.2,25.900000000000002
3z3iC7brJePe2z94yCr2hYtFK1QY8wkpCyowwAh3VLeoHCkdXMYoed4yguQ8PfHnXw5guAibdJCmJ4sdPPybMMir,[object Object],2025-05-21T12:28:39.000Z,53,2,4,56,167,276,Skipped,0,25.900000000000002
2fTHMQBSchgofShev3FFViPjo3oepGaazqXd5cAoN9NsnpLTGDWMvhK9TudN8KC6pouURHxSCtjGWrXLucNEwcXi,[object Object],2025-05-21T12:28:39.000Z,94,4,14,34,387,164,Skipped,0,25.900000000000002
4Ss5amb6Ljsi2A32nHjEjyoxdcGY36mhrDETbd6nbdZK6wPqKnzDkMzeGPCXJFe33uLBZTBHNnaer7tZ2Sdo9eBq,[object Object],2025-05-21T12:28:39.000Z,19,1,20,88,245,60,Skipped,0,25.900000000000002
5p3bAbJf5pKZUJJvUZxmErjdAPcQEXutgh7KdRSqTKF2owMPyaKwqQuJ5HmL2Mcgodb7qkVoGUtJZcGCu5npfAfk,[object Object],2025-05-21T12:28:39.000Z,38,7,26,76,15,40,Partial Exit (Win),0.05,25.950000000000003
4GLsn2hZbE4DbWRso1NwUtCvYPRj6FFui99dRxc8vCXSQSW68P499ACbpfwZADg3HdjcKP1oPjfaxUvRV1kn5D5e,[object Object],2025-05-21T12:28:39.000Z,55,1,28,57,44,278,Skipped,0,25.950000000000003
3qEKRz136bNypcjq9p78arJGH53B9GZqReMnGpKxsC64426T2xZPE7MnQBa3uFVTJnuF99E9JmVjwE1zZKANxqhn,[object Object],2025-05-21T12:28:39.000Z,93,7,26,90,372,132,Moonshot (Win),0.2,26.150000000000002
2eVb5xUpB4LzzSXGx2BG7sFq6EWYJvjcHPcF1geux2i7Vj69ngFsD4oYLk1WdigkvdESid81a8xwD9xZLseNWcYP,[object Object],2025-05-21T12:28:39.000Z,62,1,16,39,470,117,Skipped,0,26.150000000000002
5VHchi2mNGAEHXAGuwASxsuaQD6tzK2f9KE7FWSAGQKExVwJgE9WTu9uBbPmcNvFvQrjsDwSF9p4Rcj8H6vQhuWV,[object Object],2025-05-21T12:28:39.000Z,18,4,17,82,492,106,Skipped,0,26.150000000000002
42Dtqi7JqPaEmEoWgi15zRc4kSUBPsCXKP7tdTTtPw3NUb6i6eaHUPKFPzdVRGnREfbfn1Ut3qG1UvrPhJRmmDGS,[object Object],2025-05-21T12:28:39.000Z,51,9,27,84,169,269,Partial Exit (Win),0.05,26.200000000000003
5SSvmS5hpwz1JVQiJikAjRANDjg6NBk87HU378uDixTRjACbG6wHh4WZgZVQLy4v9TBFPo3Lctqca9q5ZeqHmn3,[object Object],2025-05-21T12:28:39.000Z,44,6,2,78,45,287,Partial Exit (Win),0.05,26.250000000000004
1HXeUsFW8Uc76y6js4LYqoPAsQTNvFc8CfSar28xYitF3M4g7m6isDZ9LTMWMZX7dSHoV9dv41gRD8trYUe7hP8,[object Object],2025-05-21T12:28:39.000Z,24,5,18,33,439,52,Partial Exit (Win),0.05,26.300000000000004
JWDnipdDganEUMYvQ9nUyMYpdoQQudybvUCb4HQdT3rpLzLArvKfpYfus91YWGwNKatvbfnTLmd8H2ZagsKiUrM,[object Object],2025-05-21T12:28:39.000Z,92,0,29,19,290,232,Skipped,0,26.300000000000004
4SqGkb2oHN9BjG1eSmBSh5KC3BcNrn7UtAkuijgSDzdTo2RBe2nP6TVpuZ7XVVqaoXzqs3F1jMLYzkBkU5APHQWv,[object Object],2025-05-21T12:28:39.000Z,79,6,1,95,77,104,Partial Exit (Win),0.05,26.350000000000005
5FPHntkhmKJ1jvvQGEBrWGwPvp2XyuRzXVt7NkHuTarZoFouG6hgWW4wwny1tzj8em4opmPKR9xwxXK6KfVrSQu8,[object Object],2025-05-21T12:28:39.000Z,97,5,4,0,239,299,Moonshot (Win),0.2,26.550000000000004
4VYYxQkUWvdfT1HxEFn8DjBnh7PPEHt9uwZ89SyGzZDiK3VZ4i3aoqqw9y55L9vqMRrM7nFpoSsTwZNundP7N8vh,[object Object],2025-05-21T12:28:39.000Z,73,2,19,88,141,73,Skipped,0,26.550000000000004
4dsjqLHv3Apb89a8g7Sf2MuYNFtGGK4A6QgUYP5cuQueGZsVhUKDipA2PWUPGaTisuvPrS3SJSKwymmvtJWtqewD,[object Object],2025-05-21T12:28:39.000Z,17,3,5,15,293,265,Skipped,0,26.550000000000004
2akTDAkjvVohfvZUtVLTUTNJ5vxy9QxK4esADhKaAWkR8fr1zssaESKaTeeZJHR3h4XFiqbvKsZqbKar4gj5tcZf,[object Object],2025-05-21T12:28:39.000Z,41,3,23,30,61,157,Skipped,0,26.550000000000004
4jGuiC9Z3B4SwJVVk1xgFWbGrD11jZcMNjbkxFGh4EYF33HL2GD5JW2AcZFFEof4WeagAvQgKjqkipW2KHXmXuaB,[object Object],2025-05-21T12:28:39.000Z,68,9,24,43,265,241,Moonshot (Win),0.2,26.750000000000004
4XoXirC13SrZwK47QtTixFu5UUDvi2kqw1oUGv5Mk8paf1zNYJLxWmY5DGmjnoYYKGVGdqbgG28nFwV5tgzEgZDF,[object Object],2025-05-21T12:28:39.000Z,7,1,14,55,241,181,Skipped,0,26.750000000000004
24X3xAavX6Zm2HHLkYoizxq5GUPRrqJF2jTbyXB1op6U3FwTAkcLtN7U3z2HuVqDuSQNWsrnzrcQV1D68ZaCJWVf,[object Object],2025-05-21T12:28:38.000Z,57,5,17,5,318,65,Moonshot (Win),0.2,26.950000000000003
Dizb91ThpxWXjQafS9ULqgQfCf5y9fv7BXuDdQNofq39F6tk4idesvAunLDAddpeanf2prh4mnQp2ErizR1nTCX,[object Object],2025-05-21T12:28:38.000Z,16,5,24,56,482,256,Moonshot (Win),0.2,27.150000000000002
4FgYrWpMdfCsrzPdfFcByXwYK3ANXUuP4UUpsv4RW2avPqgt7nN1s8hLXtBX5aebRkLSxKdsLdEHvZ86VLXgXjsk,[object Object],2025-05-21T12:28:38.000Z,53,7,3,38,314,169,Moonshot (Win),0.2,27.35
3RFm6vaHna8Nuu5TxwaaTNiU6QVJBcZkjoCopZHemEaGYTp9PKYaVVs8ZACQYHZgcCeA4yAn7d2pe4Y5yToT4ESz,[object Object],2025-05-21T12:28:38.000Z,30,4,2,65,40,158,Skipped,0,27.35
d7CBJ1vbRhcLcjm3VYYfwQCZ7jBgTyZ4rp4DUHFaG8ysyhnxthMpBjPHBE77EwAbDpsupPNYcJTMJvsvwJZyRdV,[object Object],2025-05-21T12:28:38.000Z,37,3,1,33,118,196,Skipped,0,27.35
WnRUUdTbm4A4wSQoem15yncfDRTo2mG86oj1aCETM4LY2g4ydZXxAxv6aVjdmPs2LszSHaGG6KWfaNPFaR7TwbB,[object Object],2025-05-21T12:28:38.000Z,33,5,15,76,126,101,Partial Exit (Win),0.05,27.400000000000002
2Nmz7qgQBGhbvcRGQ4s5BwoNz3R7X5C9Nc652Ybe3bA1MaLY7EFAGHGqZa6cLZfv97vJNwmoBrGX9RmCBmJnLPGX,[object Object],2025-05-21T12:28:38.000Z,16,3,10,45,403,164,Skipped,0,27.400000000000002
5UqHCJYb283hHEs3LZSirdda33YMvPcmfokBC25pgyZ38d5b8skaXhUMBFxXjrFtTg6wQjNCh1eWMjhZAroQkqH1,[object Object],2025-05-21T12:28:38.000Z,10,8,1,25,455,291,Moonshot (Win),0.2,27.6
2sxKvVpMqYEQHtG6NTo5eGnVD3YL65VsMcbc9PPe9trmvs2Cv82tbNyg93GMhWAsJ8DGiJ4BPbD4w7jjx9BmTzLn,[object Object],2025-05-21T12:28:38.000Z,60,0,1,72,390,59,Skipped,0,27.6
48B4r6zpA2M6mu9S2gLzU856qzdgR7zY8nr8tj5y5BAJr6Vw8tXxNNXvt4WV97xkjHsGuJkS6PPDJ761F8xaVECd,[object Object],2025-05-21T12:28:38.000Z,25,4,0,27,243,212,Skipped,0,27.6
5Lg3NDE2otPgrPZfapvddmk9YDT2cgZUMJMDpqB4yU36x9eMuKmYMXutfurphwZR5CKExugZ2Z1vdNpeMybKRSsM,[object Object],2025-05-21T12:28:38.000Z,30,4,18,56,57,86,Skipped,0,27.6
4ceWzCg6oHhiM2jYGejCseQGNQo8kre8qW2srjMjxf6FTUAvqFE595n8Q4SnhJHaDycK4n94ZNNEAAjbDT8s8xUK,[object Object],2025-05-21T12:28:38.000Z,33,7,13,16,483,239,Moonshot (Win),0.2,27.8
2ocfRLo3gWetTMAX9EMuo5HMSjDqqHSJXYnPBUz4G7ehCk9C7bXoC5xtmjCjKCbFPdaw3KCRSe9VCJjVJorVk8by,[object Object],2025-05-21T12:28:38.000Z,62,1,19,4,353,11,Skipped,0,27.8
2tDaTix5earRNM2JwEGf1g2dRumpxNHevj1BynWUVhGgegLv6PpiSssNX5HJgUwVdQHLEs27BBiPkbBJVmZiFFQX,[object Object],2025-05-21T12:28:38.000Z,20,9,6,70,445,104,Moonshot (Win),0.2,28
4fJiXPxYo8HEZcPsCtySKXJpEg4oV8xXfyGe2zDdf4T5GP6TWpjTyY1tLx6Y7e7tTnpcoDz1ZgXWccCtz3XsXdLK,[object Object],2025-05-21T12:28:38.000Z,62,5,24,33,246,208,Moonshot (Win),0.2,28.2
2UK95tyKzrtcGD6gLK3tjG8KF4XskZUz1rqeuyCvf7EVmaRTCPW8yHsh5KeJwAbEf2SCQT4uQ2nc1ufJ7VT51FVx,[object Object],2025-05-21T12:28:38.000Z,73,3,4,54,235,289,Skipped,0,28.2
2cEeEFeEEeBkEsbDoSxVKT3Q5JJFdiy92egti8b2awSyLypmsqnkT2om4jXZy3XMqT2rFySvLqoxXDgipQpYCChe,[object Object],2025-05-21T12:28:38.000Z,83,6,11,32,128,63,Partial Exit (Win),0.05,28.25
2tsY8XHdjcGkGZTufDntrBfBZsmoT9goNTQJMXRjN9Bgmc6iufi533gSyDXNAWQujiAkx4qy7C8kzC2puPEFNSD8,[object Object],2025-05-21T12:28:37.000Z,77,0,3,70,61,258,Skipped,0,28.25
azZajMAn4vYZSspu1EHUYBfZT1XnUYe5WN61M2FHRrmFzNx4bdheAWrbD7Q2Q42n86xMGRo8Rw33uKA6S5Nj4eW,[object Object],2025-05-21T12:28:37.000Z,49,7,18,51,184,219,Partial Exit (Win),0.05,28.3
5bds1XxR2f2GacNEN7zxd2ivRWTkQcKkTXU9NfdR3hG373wMxCbdK7PHBxEhuEQTwwG58GhSen1mV7KyZhfvUeCK,[object Object],2025-05-21T12:28:37.000Z,59,5,2,28,77,32,Partial Exit (Win),0.05,28.35
5Vgzonp2kffVhTwzMdQv7rMCEZsmzA4X577cEUPq7QiScjL815Sg51yBUQnss38qeJiQ65yRrQJ1dNsZnHiQDHsB,[object Object],2025-05-21T12:28:37.000Z,64,9,28,36,72,152,Partial Exit (Win),0.05,28.400000000000002
9iMAZDWYEfqm6AL5ivbaTumyQVBzkpxcdExNM45PGxgWjPW7NedHrW8PJ6CvSYqUcjC3ySwfpVNeLAEXx9ZFNct,[object Object],2025-05-21T12:28:37.000Z,7,5,12,44,138,298,Partial Exit (Win),0.05,28.450000000000003
3bRm9a6eJyrZUc6aBZwtM9YdNjmhrHnLVgbgRtDVpG2KVQ1DzaAuy3bNAgvSMJwexpnDGNJpzQTLjtF255amAmJv,[object Object],2025-05-21T12:28:37.000Z,21,4,19,47,15,246,Skipped,0,28.450000000000003
4UH2Cs8x2PvabYxmw5mNTLr3rqgQNVBQxnhYMun78AU366vvHmDz6nEx2Ba2jYbnNBb6pXmKxx6Pw7U5jMa8GQnr,[object Object],2025-05-21T12:28:37.000Z,7,7,1,54,157,275,Partial Exit (Win),0.05,28.500000000000004